code,level,parent_code,full_name,display_name
1100000000,1,,서울특별시,서울특별시
1111000000,2,1100000000,서울특별시 종로구,종로구
1111010100,3,1111000000,서울특별시 종로구 청운동,청운동
1111010200,3,1111000000,서울특별시 종로구 신교동,신교동
1111010300,3,1111000000,서울특별시 종로구 궁정동,궁정동
1111010400,3,1111000000,서울특별시 종로구 효자동,효자동
1111010500,3,1111000000,서울특별시 종로구 창성동,창성동
1111010600,3,1111000000,서울특별시 종로구 통의동,통의동
1111010700,3,1111000000,서울특별시 종로구 적선동,적선동
1111010800,3,1111000000,서울특별시 종로구 통인동,통인동
1111010900,3,1111000000,서울특별시 종로구 누상동,누상동
1111011000,3,1111000000,서울특별시 종로구 누하동,누하동
1111011100,3,1111000000,서울특별시 종로구 옥인동,옥인동
1111011200,3,1111000000,서울특별시 종로구 체부동,체부동
1111011300,3,1111000000,서울특별시 종로구 필운동,필운동
1111011400,3,1111000000,서울특별시 종로구 내자동,내자동
1111011500,3,1111000000,서울특별시 종로구 사직동,사직동
1111011600,3,1111000000,서울특별시 종로구 도렴동,도렴동
1111011700,3,1111000000,서울특별시 종로구 당주동,당주동
1111011800,3,1111000000,서울특별시 종로구 내수동,내수동
1111011900,3,1111000000,서울특별시 종로구 세종로,세종로
1111012000,3,1111000000,서울특별시 종로구 신문로1가,신문로1가
1111012100,3,1111000000,서울특별시 종로구 신문로2가,신문로2가
1111012200,3,1111000000,서울특별시 종로구 청진동,청진동
1111012300,3,1111000000,서울특별시 종로구 서린동,서린동
1111012400,3,1111000000,서울특별시 종로구 수송동,수송동
1111012500,3,1111000000,서울특별시 종로구 중학동,중학동
1111012600,3,1111000000,서울특별시 종로구 종로1가,종로1가
1111012700,3,1111000000,서울특별시 종로구 공평동,공평동
1111012800,3,1111000000,서울특별시 종로구 관훈동,관훈동
1111012900,3,1111000000,서울특별시 종로구 견지동,견지동
1111013000,3,1111000000,서울특별시 종로구 와룡동,와룡동
1111013100,3,1111000000,서울특별시 종로구 권농동,권농동
1111013200,3,1111000000,서울특별시 종로구 운니동,운니동
1111013300,3,1111000000,서울특별시 종로구 익선동,익선동
1111013400,3,1111000000,서울특별시 종로구 경운동,경운동
1111013500,3,1111000000,서울특별시 종로구 관철동,관철동
1111013600,3,1111000000,서울특별시 종로구 인사동,인사동
1111013700,3,1111000000,서울특별시 종로구 낙원동,낙원동
1111013800,3,1111000000,서울특별시 종로구 종로2가,종로2가
1111013900,3,1111000000,서울특별시 종로구 팔판동,팔판동
1111014000,3,1111000000,서울특별시 종로구 삼청동,삼청동
1111014100,3,1111000000,서울특별시 종로구 안국동,안국동
1111014200,3,1111000000,서울특별시 종로구 소격동,소격동
1111014300,3,1111000000,서울특별시 종로구 화동,화동
1111014400,3,1111000000,서울특별시 종로구 사간동,사간동
1111014500,3,1111000000,서울특별시 종로구 송현동,송현동
1111014600,3,1111000000,서울특별시 종로구 가회동,가회동
1111014700,3,1111000000,서울특별시 종로구 재동,재동
1111014800,3,1111000000,서울특별시 종로구 계동,계동
1111014900,3,1111000000,서울특별시 종로구 원서동,원서동
1111015000,3,1111000000,서울특별시 종로구 훈정동,훈정동
1111015100,3,1111000000,서울특별시 종로구 묘동,묘동
1111015200,3,1111000000,서울특별시 종로구 봉익동,봉익동
1111015300,3,1111000000,서울특별시 종로구 돈의동,돈의동
1111015400,3,1111000000,서울특별시 종로구 장사동,장사동
1111015500,3,1111000000,서울특별시 종로구 관수동,관수동
1111015600,3,1111000000,서울특별시 종로구 종로3가,종로3가
1111015700,3,1111000000,서울특별시 종로구 인의동,인의동
1111015800,3,1111000000,서울특별시 종로구 예지동,예지동
1111015900,3,1111000000,서울특별시 종로구 원남동,원남동
1111016000,3,1111000000,서울특별시 종로구 연지동,연지동
1111016100,3,1111000000,서울특별시 종로구 종로4가,종로4가
1111016200,3,1111000000,서울특별시 종로구 효제동,효제동
1111016300,3,1111000000,서울특별시 종로구 종로5가,종로5가
1111016400,3,1111000000,서울특별시 종로구 종로6가,종로6가
1111016500,3,1111000000,서울특별시 종로구 이화동,이화동
1111016600,3,1111000000,서울특별시 종로구 연건동,연건동
1111016700,3,1111000000,서울특별시 종로구 충신동,충신동
1111016800,3,1111000000,서울특별시 종로구 동숭동,동숭동
1111016900,3,1111000000,서울특별시 종로구 혜화동,혜화동
1111017000,3,1111000000,서울특별시 종로구 명륜1가,명륜1가
1111017100,3,1111000000,서울특별시 종로구 명륜2가,명륜2가
1111017200,3,1111000000,서울특별시 종로구 명륜4가,명륜4가
1111017300,3,1111000000,서울특별시 종로구 명륜3가,명륜3가
1111017400,3,1111000000,서울특별시 종로구 창신동,창신동
1111017500,3,1111000000,서울특별시 종로구 숭인동,숭인동
1111017600,3,1111000000,서울특별시 종로구 교남동,교남동
1111017700,3,1111000000,서울특별시 종로구 평동,평동
1111017800,3,1111000000,서울특별시 종로구 송월동,송월동
1111017900,3,1111000000,서울특별시 종로구 홍파동,홍파동
1111018000,3,1111000000,서울특별시 종로구 교북동,교북동
1111018100,3,1111000000,서울특별시 종로구 행촌동,행촌동
1111018200,3,1111000000,서울특별시 종로구 구기동,구기동
1111018300,3,1111000000,서울특별시 종로구 평창동,평창동
1111018400,3,1111000000,서울특별시 종로구 부암동,부암동
1111018500,3,1111000000,서울특별시 종로구 홍지동,홍지동
1111018600,3,1111000000,서울특별시 종로구 신영동,신영동
1111018700,3,1111000000,서울특별시 종로구 무악동,무악동
1114000000,2,1100000000,서울특별시 중구,중구
1114010100,3,1114000000,서울특별시 중구 무교동,무교동
1114010200,3,1114000000,서울특별시 중구 다동,다동
1114010300,3,1114000000,서울특별시 중구 태평로1가,태평로1가
1114010400,3,1114000000,서울특별시 중구 을지로1가,을지로1가
1114010500,3,1114000000,서울특별시 중구 을지로2가,을지로2가
1114010600,3,1114000000,서울특별시 중구 남대문로1가,남대문로1가
1114010700,3,1114000000,서울특별시 중구 삼각동,삼각동
1114010800,3,1114000000,서울특별시 중구 수하동,수하동
1114010900,3,1114000000,서울특별시 중구 장교동,장교동
1114011000,3,1114000000,서울특별시 중구 수표동,수표동
1114011100,3,1114000000,서울특별시 중구 소공동,소공동
1114011200,3,1114000000,서울특별시 중구 남창동,남창동
1114011300,3,1114000000,서울특별시 중구 북창동,북창동
1114011400,3,1114000000,서울특별시 중구 태평로2가,태평로2가
1114011500,3,1114000000,서울특별시 중구 남대문로2가,남대문로2가
1114011600,3,1114000000,서울특별시 중구 남대문로3가,남대문로3가
1114011700,3,1114000000,서울특별시 중구 남대문로4가,남대문로4가
1114011800,3,1114000000,서울특별시 중구 남대문로5가,남대문로5가
1114011900,3,1114000000,서울특별시 중구 봉래동1가,봉래동1가
1114012000,3,1114000000,서울특별시 중구 봉래동2가,봉래동2가
1114012100,3,1114000000,서울특별시 중구 회현동1가,회현동1가
1114012200,3,1114000000,서울특별시 중구 회현동2가,회현동2가
1114012300,3,1114000000,서울특별시 중구 회현동3가,회현동3가
1114012400,3,1114000000,서울특별시 중구 충무로1가,충무로1가
1114012500,3,1114000000,서울특별시 중구 충무로2가,충무로2가
1114012600,3,1114000000,서울특별시 중구 명동1가,명동1가
1114012700,3,1114000000,서울특별시 중구 명동2가,명동2가
1114012800,3,1114000000,서울특별시 중구 남산동1가,남산동1가
1114012900,3,1114000000,서울특별시 중구 남산동2가,남산동2가
1114013000,3,1114000000,서울특별시 중구 남산동3가,남산동3가
1114013100,3,1114000000,서울특별시 중구 저동1가,저동1가
1114013200,3,1114000000,서울특별시 중구 충무로4가,충무로4가
1114013300,3,1114000000,서울특별시 중구 충무로5가,충무로5가
1114013400,3,1114000000,서울특별시 중구 인현동2가,인현동2가
1114013500,3,1114000000,서울특별시 중구 예관동,예관동
1114013600,3,1114000000,서울특별시 중구 묵정동,묵정동
1114013700,3,1114000000,서울특별시 중구 필동1가,필동1가
1114013800,3,1114000000,서울특별시 중구 필동2가,필동2가
1114013900,3,1114000000,서울특별시 중구 필동3가,필동3가
1114014000,3,1114000000,서울특별시 중구 남학동,남학동
1114014100,3,1114000000,서울특별시 중구 주자동,주자동
1114014200,3,1114000000,서울특별시 중구 예장동,예장동
1114014300,3,1114000000,서울특별시 중구 장충동1가,장충동1가
1114014400,3,1114000000,서울특별시 중구 장충동2가,장충동2가
1114014500,3,1114000000,서울특별시 중구 광희동1가,광희동1가
1114014600,3,1114000000,서울특별시 중구 광희동2가,광희동2가
1114014700,3,1114000000,서울특별시 중구 쌍림동,쌍림동
1114014800,3,1114000000,서울특별시 중구 을지로6가,을지로6가
1114014900,3,1114000000,서울특별시 중구 을지로7가,을지로7가
1114015000,3,1114000000,서울특별시 중구 을지로4가,을지로4가
1114015100,3,1114000000,서울특별시 중구 을지로5가,을지로5가
1114015200,3,1114000000,서울특별시 중구 주교동,주교동
1114015300,3,1114000000,서울특별시 중구 방산동,방산동
1114015400,3,1114000000,서울특별시 중구 오장동,오장동
1114015500,3,1114000000,서울특별시 중구 을지로3가,을지로3가
1114015600,3,1114000000,서울특별시 중구 입정동,입정동
1114015700,3,1114000000,서울특별시 중구 산림동,산림동
1114015800,3,1114000000,서울특별시 중구 충무로3가,충무로3가
1114015900,3,1114000000,서울특별시 중구 초동,초동
1114016000,3,1114000000,서울특별시 중구 인현동1가,인현동1가
1114016100,3,1114000000,서울특별시 중구 저동2가,저동2가
1114016200,3,1114000000,서울특별시 중구 신당동,신당동
1114016300,3,1114000000,서울특별시 중구 흥인동,흥인동
1114016400,3,1114000000,서울특별시 중구 무학동,무학동
1114016500,3,1114000000,서울특별시 중구 황학동,황학동
1114016600,3,1114000000,서울특별시 중구 서소문동,서소문동
1114016700,3,1114000000,서울특별시 중구 정동,정동
1114016800,3,1114000000,서울특별시 중구 순화동,순화동
1114016900,3,1114000000,서울특별시 중구 의주로1가,의주로1가
1114017000,3,1114000000,서울특별시 중구 충정로1가,충정로1가
1114017100,3,1114000000,서울특별시 중구 중림동,중림동
1114017200,3,1114000000,서울특별시 중구 의주로2가,의주로2가
1114017300,3,1114000000,서울특별시 중구 만리동1가,만리동1가
1114017400,3,1114000000,서울특별시 중구 만리동2가,만리동2가
1117000000,2,1100000000,서울특별시 용산구,용산구
1117010100,3,1117000000,서울특별시 용산구 후암동,후암동
1117010200,3,1117000000,서울특별시 용산구 용산동2가,용산동2가
1117010300,3,1117000000,서울특별시 용산구 용산동4가,용산동4가
1117010400,3,1117000000,서울특별시 용산구 갈월동,갈월동
1117010500,3,1117000000,서울특별시 용산구 남영동,남영동
1117010600,3,1117000000,서울특별시 용산구 용산동1가,용산동1가
1117010700,3,1117000000,서울특별시 용산구 동자동,동자동
1117010800,3,1117000000,서울특별시 용산구 서계동,서계동
1117010900,3,1117000000,서울특별시 용산구 청파동1가,청파동1가
1117011000,3,1117000000,서울특별시 용산구 청파동2가,청파동2가
1117011100,3,1117000000,서울특별시 용산구 청파동3가,청파동3가
1117011200,3,1117000000,서울특별시 용산구 원효로1가,원효로1가
1117011300,3,1117000000,서울특별시 용산구 원효로2가,원효로2가
1117011400,3,1117000000,서울특별시 용산구 신창동,신창동
1117011500,3,1117000000,서울특별시 용산구 산천동,산천동
1117011600,3,1117000000,서울특별시 용산구 청암동,청암동
1117011700,3,1117000000,서울특별시 용산구 원효로3가,원효로3가
1117011800,3,1117000000,서울특별시 용산구 원효로4가,원효로4가
1117011900,3,1117000000,서울특별시 용산구 효창동,효창동
1117012000,3,1117000000,서울특별시 용산구 도원동,도원동
1117012100,3,1117000000,서울특별시 용산구 용문동,용문동
1117012200,3,1117000000,서울특별시 용산구 문배동,문배동
1117012300,3,1117000000,서울특별시 용산구 신계동,신계동
1117012400,3,1117000000,서울특별시 용산구 한강로1가,한강로1가
1117012500,3,1117000000,서울특별시 용산구 한강로2가,한강로2가
1117012600,3,1117000000,서울특별시 용산구 용산동3가,용산동3가
1117012700,3,1117000000,서울특별시 용산구 용산동5가,용산동5가
1117012800,3,1117000000,서울특별시 용산구 한강로3가,한강로3가
1117012900,3,1117000000,서울특별시 용산구 이촌동,이촌동
1117013000,3,1117000000,서울특별시 용산구 이태원동,이태원동
1117013100,3,1117000000,서울특별시 용산구 한남동,한남동
1117013200,3,1117000000,서울특별시 용산구 동빙고동,동빙고동
1117013300,3,1117000000,서울특별시 용산구 서빙고동,서빙고동
1117013400,3,1117000000,서울특별시 용산구 주성동,주성동
1117013500,3,1117000000,서울특별시 용산구 용산동6가,용산동6가
1117013600,3,1117000000,서울특별시 용산구 보광동,보광동
1120000000,2,1100000000,서울특별시 성동구,성동구
1120010100,3,1120000000,서울특별시 성동구 상왕십리동,상왕십리동
1120010200,3,1120000000,서울특별시 성동구 하왕십리동,하왕십리동
1120010300,3,1120000000,서울특별시 성동구 홍익동,홍익동
1120010400,3,1120000000,서울특별시 성동구 도선동,도선동
1120010500,3,1120000000,서울특별시 성동구 마장동,마장동
1120010600,3,1120000000,서울특별시 성동구 사근동,사근동
1120010700,3,1120000000,서울특별시 성동구 행당동,행당동
1120010800,3,1120000000,서울특별시 성동구 응봉동,응봉동
1120010900,3,1120000000,서울특별시 성동구 금호동1가,금호동1가
1120011000,3,1120000000,서울특별시 성동구 금호동2가,금호동2가
1120011100,3,1120000000,서울특별시 성동구 금호동3가,금호동3가
1120011200,3,1120000000,서울특별시 성동구 금호동4가,금호동4가
1120011300,3,1120000000,서울특별시 성동구 옥수동,옥수동
1120011400,3,1120000000,서울특별시 성동구 성수동1가,성수동1가
1120011500,3,1120000000,서울특별시 성동구 성수동2가,성수동2가
1120011800,3,1120000000,서울특별시 성동구 송정동,송정동
1120012200,3,1120000000,서울특별시 성동구 용답동,용답동
1121500000,2,1100000000,서울특별시 광진구,광진구
1121510100,3,1121500000,서울특별시 광진구 중곡동,중곡동
1121510200,3,1121500000,서울특별시 광진구 능동,능동
1121510300,3,1121500000,서울특별시 광진구 구의동,구의동
1121510400,3,1121500000,서울특별시 광진구 광장동,광장동
1121510500,3,1121500000,서울특별시 광진구 자양동,자양동
1121510700,3,1121500000,서울특별시 광진구 화양동,화양동
1121510900,3,1121500000,서울특별시 광진구 군자동,군자동
1123000000,2,1100000000,서울특별시 동대문구,동대문구
1123010100,3,1123000000,서울특별시 동대문구 신설동,신설동
1123010200,3,1123000000,서울특별시 동대문구 용두동,용두동
1123010300,3,1123000000,서울특별시 동대문구 제기동,제기동
1123010400,3,1123000000,서울특별시 동대문구 전농동,전농동
1123010500,3,1123000000,서울특별시 동대문구 답십리동,답십리동
1123010600,3,1123000000,서울특별시 동대문구 장안동,장안동
1123010700,3,1123000000,서울특별시 동대문구 청량리동,청량리동
1123010800,3,1123000000,서울특별시 동대문구 회기동,회기동
1123010900,3,1123000000,서울특별시 동대문구 휘경동,휘경동
1123011000,3,1123000000,서울특별시 동대문구 이문동,이문동
1126000000,2,1100000000,서울특별시 중랑구,중랑구
1126010100,3,1126000000,서울특별시 중랑구 면목동,면목동
1126010200,3,1126000000,서울특별시 중랑구 상봉동,상봉동
1126010300,3,1126000000,서울특별시 중랑구 중화동,중화동
1126010400,3,1126000000,서울특별시 중랑구 묵동,묵동
1126010500,3,1126000000,서울특별시 중랑구 망우동,망우동
1126010600,3,1126000000,서울특별시 중랑구 신내동,신내동
1129000000,2,1100000000,서울특별시 성북구,성북구
1129010100,3,1129000000,서울특별시 성북구 성북동,성북동
1129010200,3,1129000000,서울특별시 성북구 성북동1가,성북동1가
1129010300,3,1129000000,서울특별시 성북구 돈암동,돈암동
1129010400,3,1129000000,서울특별시 성북구 동소문동1가,동소문동1가
1129010500,3,1129000000,서울특별시 성북구 동소문동2가,동소문동2가
1129010600,3,1129000000,서울특별시 성북구 동소문동3가,동소문동3가
1129010700,3,1129000000,서울특별시 성북구 동소문동4가,동소문동4가
1129010800,3,1129000000,서울특별시 성북구 동소문동5가,동소문동5가
1129010900,3,1129000000,서울특별시 성북구 동소문동6가,동소문동6가
1129011000,3,1129000000,서울특별시 성북구 동소문동7가,동소문동7가
1129011100,3,1129000000,서울특별시 성북구 삼선동1가,삼선동1가
1129011200,3,1129000000,서울특별시 성북구 삼선동2가,삼선동2가
1129011300,3,1129000000,서울특별시 성북구 삼선동3가,삼선동3가
1129011400,3,1129000000,서울특별시 성북구 삼선동4가,삼선동4가
1129011500,3,1129000000,서울특별시 성북구 삼선동5가,삼선동5가
1129011600,3,1129000000,서울특별시 성북구 동선동1가,동선동1가
1129011700,3,1129000000,서울특별시 성북구 동선동2가,동선동2가
1129011800,3,1129000000,서울특별시 성북구 동선동3가,동선동3가
1129011900,3,1129000000,서울특별시 성북구 동선동4가,동선동4가
1129012000,3,1129000000,서울특별시 성북구 동선동5가,동선동5가
1129012100,3,1129000000,서울특별시 성북구 안암동1가,안암동1가
1129012200,3,1129000000,서울특별시 성북구 안암동2가,안암동2가
1129012300,3,1129000000,서울특별시 성북구 안암동3가,안암동3가
1129012400,3,1129000000,서울특별시 성북구 안암동4가,안암동4가
1129012500,3,1129000000,서울특별시 성북구 안암동5가,안암동5가
1129012600,3,1129000000,서울특별시 성북구 보문동4가,보문동4가
1129012700,3,1129000000,서울특별시 성북구 보문동5가,보문동5가
1129012800,3,1129000000,서울특별시 성북구 보문동6가,보문동6가
1129012900,3,1129000000,서울특별시 성북구 보문동7가,보문동7가
1129013000,3,1129000000,서울특별시 성북구 보문동1가,보문동1가
1129013100,3,1129000000,서울특별시 성북구 보문동2가,보문동2가
1129013200,3,1129000000,서울특별시 성북구 보문동3가,보문동3가
1129013300,3,1129000000,서울특별시 성북구 정릉동,정릉동
1129013400,3,1129000000,서울특별시 성북구 길음동,길음동
1129013500,3,1129000000,서울특별시 성북구 종암동,종암동
1129013600,3,1129000000,서울특별시 성북구 하월곡동,하월곡동
1129013700,3,1129000000,서울특별시 성북구 상월곡동,상월곡동
1129013800,3,1129000000,서울특별시 성북구 장위동,장위동
1129013900,3,1129000000,서울특별시 성북구 석관동,석관동
1130500000,2,1100000000,서울특별시 강북구,강북구
1130510100,3,1130500000,서울특별시 강북구 미아동,미아동
1130510200,3,1130500000,서울특별시 강북구 번동,번동
1130510300,3,1130500000,서울특별시 강북구 수유동,수유동
1130510400,3,1130500000,서울특별시 강북구 우이동,우이동
1132000000,2,1100000000,서울특별시 도봉구,도봉구
1132010500,3,1132000000,서울특별시 도봉구 쌍문동,쌍문동
1132010600,3,1132000000,서울특별시 도봉구 방학동,방학동
1132010700,3,1132000000,서울특별시 도봉구 창동,창동
1132010800,3,1132000000,서울특별시 도봉구 도봉동,도봉동
1135000000,2,1100000000,서울특별시 노원구,노원구
1135010200,3,1135000000,서울특별시 노원구 월계동,월계동
1135010300,3,1135000000,서울특별시 노원구 공릉동,공릉동
1135010400,3,1135000000,서울특별시 노원구 하계동,하계동
1135010500,3,1135000000,서울특별시 노원구 상계동,상계동
1135010600,3,1135000000,서울특별시 노원구 중계동,중계동
1138000000,2,1100000000,서울특별시 은평구,은평구
1138010100,3,1138000000,서울특별시 은평구 수색동,수색동
1138010200,3,1138000000,서울특별시 은평구 녹번동,녹번동
1138010300,3,1138000000,서울특별시 은평구 불광동,불광동
1138010400,3,1138000000,서울특별시 은평구 갈현동,갈현동
1138010500,3,1138000000,서울특별시 은평구 구산동,구산동
1138010600,3,1138000000,서울특별시 은평구 대조동,대조동
1138010700,3,1138000000,서울특별시 은평구 응암동,응암동
1138010800,3,1138000000,서울특별시 은평구 역촌동,역촌동
1138010900,3,1138000000,서울특별시 은평구 신사동,신사동
1138011000,3,1138000000,서울특별시 은평구 증산동,증산동
1138011400,3,1138000000,서울특별시 은평구 진관동,진관동
1141000000,2,1100000000,서울특별시 서대문구,서대문구
1141010100,3,1141000000,서울특별시 서대문구 충정로2가,충정로2가
1141010200,3,1141000000,서울특별시 서대문구 충정로3가,충정로3가
1141010300,3,1141000000,서울특별시 서대문구 합동,합동
1141010400,3,1141000000,서울특별시 서대문구 미근동,미근동
1141010500,3,1141000000,서울특별시 서대문구 냉천동,냉천동
1141010600,3,1141000000,서울특별시 서대문구 천연동,천연동
1141010700,3,1141000000,서울특별시 서대문구 옥천동,옥천동
1141010800,3,1141000000,서울특별시 서대문구 영천동,영천동
1141010900,3,1141000000,서울특별시 서대문구 현저동,현저동
1141011000,3,1141000000,서울특별시 서대문구 북아현동,북아현동
1141011100,3,1141000000,서울특별시 서대문구 홍제동,홍제동
1141011200,3,1141000000,서울특별시 서대문구 대현동,대현동
1141011300,3,1141000000,서울특별시 서대문구 대신동,대신동
1141011400,3,1141000000,서울특별시 서대문구 신촌동,신촌동
1141011500,3,1141000000,서울특별시 서대문구 봉원동,봉원동
1141011600,3,1141000000,서울특별시 서대문구 창천동,창천동
1141011700,3,1141000000,서울특별시 서대문구 연희동,연희동
1141011800,3,1141000000,서울특별시 서대문구 홍은동,홍은동
1141011900,3,1141000000,서울특별시 서대문구 북가좌동,북가좌동
1141012000,3,1141000000,서울특별시 서대문구 남가좌동,남가좌동
1144000000,2,1100000000,서울특별시 마포구,마포구
1144010100,3,1144000000,서울특별시 마포구 아현동,아현동
1144010200,3,1144000000,서울특별시 마포구 공덕동,공덕동
1144010300,3,1144000000,서울특별시 마포구 신공덕동,신공덕동
1144010400,3,1144000000,서울특별시 마포구 도화동,도화동
1144010500,3,1144000000,서울특별시 마포구 용강동,용강동
1144010600,3,1144000000,서울특별시 마포구 토정동,토정동
1144010700,3,1144000000,서울특별시 마포구 마포동,마포동
1144010800,3,1144000000,서울특별시 마포구 대흥동,대흥동
1144010900,3,1144000000,서울특별시 마포구 염리동,염리동
1144011000,3,1144000000,서울특별시 마포구 노고산동,노고산동
1144011100,3,1144000000,서울특별시 마포구 신수동,신수동
1144011200,3,1144000000,서울특별시 마포구 현석동,현석동
1144011300,3,1144000000,서울특별시 마포구 구수동,구수동
1144011400,3,1144000000,서울특별시 마포구 창전동,창전동
1144011500,3,1144000000,서울특별시 마포구 상수동,상수동
1144011600,3,1144000000,서울특별시 마포구 하중동,하중동
1144011700,3,1144000000,서울특별시 마포구 신정동,신정동
1144011800,3,1144000000,서울특별시 마포구 당인동,당인동
1144012000,3,1144000000,서울특별시 마포구 서교동,서교동
1144012100,3,1144000000,서울특별시 마포구 동교동,동교동
1144012200,3,1144000000,서울특별시 마포구 합정동,합정동
1144012300,3,1144000000,서울특별시 마포구 망원동,망원동
1144012400,3,1144000000,서울특별시 마포구 연남동,연남동
1144012500,3,1144000000,서울특별시 마포구 성산동,성산동
1144012600,3,1144000000,서울특별시 마포구 중동,중동
1144012700,3,1144000000,서울특별시 마포구 상암동,상암동
1147000000,2,1100000000,서울특별시 양천구,양천구
1147010100,3,1147000000,서울특별시 양천구 신정동,신정동
1147010200,3,1147000000,서울특별시 양천구 목동,목동
1147010300,3,1147000000,서울특별시 양천구 신월동,신월동
1150000000,2,1100000000,서울특별시 강서구,강서구
1150010100,3,1150000000,서울특별시 강서구 염창동,염창동
1150010200,3,1150000000,서울특별시 강서구 등촌동,등촌동
1150010300,3,1150000000,서울특별시 강서구 화곡동,화곡동
1150010400,3,1150000000,서울특별시 강서구 가양동,가양동
1150010500,3,1150000000,서울특별시 강서구 마곡동,마곡동
1150010600,3,1150000000,서울특별시 강서구 내발산동,내발산동
1150010700,3,1150000000,서울특별시 강서구 외발산동,외발산동
1150010800,3,1150000000,서울특별시 강서구 공항동,공항동
1150010900,3,1150000000,서울특별시 강서구 방화동,방화동
1150011000,3,1150000000,서울특별시 강서구 개화동,개화동
1150011100,3,1150000000,서울특별시 강서구 과해동,과해동
1150011200,3,1150000000,서울특별시 강서구 오곡동,오곡동
1150011300,3,1150000000,서울특별시 강서구 오쇠동,오쇠동
1153000000,2,1100000000,서울특별시 구로구,구로구
1153010100,3,1153000000,서울특별시 구로구 신도림동,신도림동
1153010200,3,1153000000,서울특별시 구로구 구로동,구로동
1153010300,3,1153000000,서울특별시 구로구 가리봉동,가리봉동
1153010600,3,1153000000,서울특별시 구로구 고척동,고척동
1153010700,3,1153000000,서울특별시 구로구 개봉동,개봉동
1153010800,3,1153000000,서울특별시 구로구 오류동,오류동
1153010900,3,1153000000,서울특별시 구로구 궁동,궁동
1153011000,3,1153000000,서울특별시 구로구 온수동,온수동
1153011100,3,1153000000,서울특별시 구로구 천왕동,천왕동
1153011200,3,1153000000,서울특별시 구로구 항동,항동
1154500000,2,1100000000,서울특별시 금천구,금천구
1154510100,3,1154500000,서울특별시 금천구 가산동,가산동
1154510200,3,1154500000,서울특별시 금천구 독산동,독산동
1154510300,3,1154500000,서울특별시 금천구 시흥동,시흥동
1156000000,2,1100000000,서울특별시 영등포구,영등포구
1156010100,3,1156000000,서울특별시 영등포구 영등포동,영등포동
1156010200,3,1156000000,서울특별시 영등포구 영등포동1가,영등포동1가
1156010300,3,1156000000,서울특별시 영등포구 영등포동2가,영등포동2가
1156010400,3,1156000000,서울특별시 영등포구 영등포동3가,영등포동3가
1156010500,3,1156000000,서울특별시 영등포구 영등포동4가,영등포동4가
1156010600,3,1156000000,서울특별시 영등포구 영등포동5가,영등포동5가
1156010700,3,1156000000,서울특별시 영등포구 영등포동6가,영등포동6가
1156010800,3,1156000000,서울특별시 영등포구 영등포동7가,영등포동7가
1156010900,3,1156000000,서울특별시 영등포구 영등포동8가,영등포동8가
1156011000,3,1156000000,서울특별시 영등포구 여의도동,여의도동
1156011100,3,1156000000,서울특별시 영등포구 당산동1가,당산동1가
1156011200,3,1156000000,서울특별시 영등포구 당산동2가,당산동2가
1156011300,3,1156000000,서울특별시 영등포구 당산동3가,당산동3가
1156011400,3,1156000000,서울특별시 영등포구 당산동4가,당산동4가
1156011500,3,1156000000,서울특별시 영등포구 당산동5가,당산동5가
1156011600,3,1156000000,서울특별시 영등포구 당산동6가,당산동6가
1156011700,3,1156000000,서울특별시 영등포구 당산동,당산동
1156011800,3,1156000000,서울특별시 영등포구 도림동,도림동
1156011900,3,1156000000,서울특별시 영등포구 문래동1가,문래동1가
1156012000,3,1156000000,서울특별시 영등포구 문래동2가,문래동2가
1156012100,3,1156000000,서울특별시 영등포구 문래동3가,문래동3가
1156012200,3,1156000000,서울특별시 영등포구 문래동4가,문래동4가
1156012300,3,1156000000,서울특별시 영등포구 문래동5가,문래동5가
1156012400,3,1156000000,서울특별시 영등포구 문래동6가,문래동6가
1156012500,3,1156000000,서울특별시 영등포구 양평동1가,양평동1가
1156012600,3,1156000000,서울특별시 영등포구 양평동2가,양평동2가
1156012700,3,1156000000,서울특별시 영등포구 양평동3가,양평동3가
1156012800,3,1156000000,서울특별시 영등포구 양평동4가,양평동4가
1156012900,3,1156000000,서울특별시 영등포구 양평동5가,양평동5가
1156013000,3,1156000000,서울특별시 영등포구 양평동6가,양평동6가
1156013100,3,1156000000,서울특별시 영등포구 양화동,양화동
1156013200,3,1156000000,서울특별시 영등포구 신길동,신길동
1156013300,3,1156000000,서울특별시 영등포구 대림동,대림동
1156013400,3,1156000000,서울특별시 영등포구 양평동,양평동
1159000000,2,1100000000,서울특별시 동작구,동작구
1159010100,3,1159000000,서울특별시 동작구 노량진동,노량진동
1159010200,3,1159000000,서울특별시 동작구 상도동,상도동
1159010300,3,1159000000,서울특별시 동작구 상도1동,상도1동
1159010400,3,1159000000,서울특별시 동작구 본동,본동
1159010500,3,1159000000,서울특별시 동작구 흑석동,흑석동
1159010600,3,1159000000,서울특별시 동작구 동작동,동작동
1159010700,3,1159000000,서울특별시 동작구 사당동,사당동
1159010800,3,1159000000,서울특별시 동작구 대방동,대방동
1159010900,3,1159000000,서울특별시 동작구 신대방동,신대방동
1162000000,2,1100000000,서울특별시 관악구,관악구
1162010100,3,1162000000,서울특별시 관악구 봉천동,봉천동
1162010200,3,1162000000,서울특별시 관악구 신림동,신림동
1162010300,3,1162000000,서울특별시 관악구 남현동,남현동
1165000000,2,1100000000,서울특별시 서초구,서초구
1165010100,3,1165000000,서울특별시 서초구 방배동,방배동
1165010200,3,1165000000,서울특별시 서초구 양재동,양재동
1165010300,3,1165000000,서울특별시 서초구 우면동,우면동
1165010400,3,1165000000,서울특별시 서초구 원지동,원지동
1165010600,3,1165000000,서울특별시 서초구 잠원동,잠원동
1165010700,3,1165000000,서울특별시 서초구 반포동,반포동
1165010800,3,1165000000,서울특별시 서초구 서초동,서초동
1165010900,3,1165000000,서울특별시 서초구 내곡동,내곡동
1165011000,3,1165000000,서울특별시 서초구 염곡동,염곡동
1165011100,3,1165000000,서울특별시 서초구 신원동,신원동
1168000000,2,1100000000,서울특별시 강남구,강남구
1168010100,3,1168000000,서울특별시 강남구 역삼동,역삼동
1168010300,3,1168000000,서울특별시 강남구 개포동,개포동
1168010400,3,1168000000,서울특별시 강남구 청담동,청담동
1168010500,3,1168000000,서울특별시 강남구 삼성동,삼성동
1168010600,3,1168000000,서울특별시 강남구 대치동,대치동
1168010700,3,1168000000,서울특별시 강남구 신사동,신사동
1168010800,3,1168000000,서울특별시 강남구 논현동,논현동
1168011000,3,1168000000,서울특별시 강남구 압구정동,압구정동
1168011100,3,1168000000,서울특별시 강남구 세곡동,세곡동
1168011200,3,1168000000,서울특별시 강남구 자곡동,자곡동
1168011300,3,1168000000,서울특별시 강남구 율현동,율현동
1168011400,3,1168000000,서울특별시 강남구 일원동,일원동
1168011500,3,1168000000,서울특별시 강남구 수서동,수서동
1168011800,3,1168000000,서울특별시 강남구 도곡동,도곡동
1171000000,2,1100000000,서울특별시 송파구,송파구
1171010100,3,1171000000,서울특별시 송파구 잠실동,잠실동
1171010200,3,1171000000,서울특별시 송파구 신천동,신천동
1171010300,3,1171000000,서울특별시 송파구 풍납동,풍납동
1171010400,3,1171000000,서울특별시 송파구 송파동,송파동
1171010500,3,1171000000,서울특별시 송파구 석촌동,석촌동
1171010600,3,1171000000,서울특별시 송파구 삼전동,삼전동
1171010700,3,1171000000,서울특별시 송파구 가락동,가락동
1171010800,3,1171000000,서울특별시 송파구 문정동,문정동
1171010900,3,1171000000,서울특별시 송파구 장지동,장지동
1171011100,3,1171000000,서울특별시 송파구 방이동,방이동
1171011200,3,1171000000,서울특별시 송파구 오금동,오금동
1171011300,3,1171000000,서울특별시 송파구 거여동,거여동
1171011400,3,1171000000,서울특별시 송파구 마천동,마천동
1174000000,2,1100000000,서울특별시 강동구,강동구
1174010100,3,1174000000,서울특별시 강동구 명일동,명일동
1174010200,3,1174000000,서울특별시 강동구 고덕동,고덕동
1174010300,3,1174000000,서울특별시 강동구 상일동,상일동
1174010500,3,1174000000,서울특별시 강동구 길동,길동
1174010600,3,1174000000,서울특별시 강동구 둔촌동,둔촌동
1174010700,3,1174000000,서울특별시 강동구 암사동,암사동
1174010800,3,1174000000,서울특별시 강동구 성내동,성내동
1174010900,3,1174000000,서울특별시 강동구 천호동,천호동
1174011000,3,1174000000,서울특별시 강동구 강일동,강일동
1200000000,1,,전남광주통합특별시,전남광주통합특별시
1211000000,2,1200000000,전남광주통합특별시 목포시,목포시
1211010100,3,1211000000,전남광주통합특별시 목포시 용당동,용당동
1211010200,3,1211000000,전남광주통합특별시 목포시 산정동,산정동
1211010300,3,1211000000,전남광주통합특별시 목포시 연산동,연산동
1211010400,3,1211000000,전남광주통합특별시 목포시 대성동,대성동
1211010500,3,1211000000,전남광주통합특별시 목포시 양동,양동
1211010600,3,1211000000,전남광주통합특별시 목포시 북교동,북교동
1211010700,3,1211000000,전남광주통합특별시 목포시 남교동,남교동
1211010800,3,1211000000,전남광주통합특별시 목포시 호남동,호남동
1211010900,3,1211000000,전남광주통합특별시 목포시 대안동,대안동
1211011000,3,1211000000,전남광주통합특별시 목포시 창평동,창평동
1211011100,3,1211000000,전남광주통합특별시 목포시 명륜동,명륜동
1211011200,3,1211000000,전남광주통합특별시 목포시 죽동,죽동
1211011300,3,1211000000,전남광주통합특별시 목포시 무안동,무안동
1211011400,3,1211000000,전남광주통합특별시 목포시 측후동,측후동
1211011500,3,1211000000,전남광주통합특별시 목포시 상락동1가,상락동1가
1211011600,3,1211000000,전남광주통합특별시 목포시 상락동2가,상락동2가
1211011700,3,1211000000,전남광주통합특별시 목포시 복만동,복만동
1211011800,3,1211000000,전남광주통합특별시 목포시 동명동,동명동
1211011900,3,1211000000,전남광주통합특별시 목포시 광동1가,광동1가
1211012000,3,1211000000,전남광주통합특별시 목포시 광동2가,광동2가
1211012100,3,1211000000,전남광주통합특별시 목포시 광동3가,광동3가
1211012200,3,1211000000,전남광주통합특별시 목포시 영해동1가,영해동1가
1211012300,3,1211000000,전남광주통합특별시 목포시 영해동2가,영해동2가
1211012400,3,1211000000,전남광주통합특별시 목포시 행복동1가,행복동1가
1211012500,3,1211000000,전남광주통합특별시 목포시 행복동2가,행복동2가
1211012600,3,1211000000,전남광주통합특별시 목포시 축복동1가,축복동1가
1211012700,3,1211000000,전남광주통합특별시 목포시 축복동2가,축복동2가
1211012800,3,1211000000,전남광주통합특별시 목포시 축복동3가,축복동3가
1211012900,3,1211000000,전남광주통합특별시 목포시 보광동1가,보광동1가
1211013000,3,1211000000,전남광주통합특별시 목포시 보광동2가,보광동2가
1211013100,3,1211000000,전남광주통합특별시 목포시 보광동3가,보광동3가
1211013200,3,1211000000,전남광주통합특별시 목포시 유달동,유달동
1211013300,3,1211000000,전남광주통합특별시 목포시 대의동1가,대의동1가
1211013400,3,1211000000,전남광주통합특별시 목포시 대의동2가,대의동2가
1211013500,3,1211000000,전남광주통합특별시 목포시 대의동3가,대의동3가
1211013600,3,1211000000,전남광주통합특별시 목포시 중앙동1가,중앙동1가
1211013700,3,1211000000,전남광주통합특별시 목포시 중앙동2가,중앙동2가
1211013800,3,1211000000,전남광주통합특별시 목포시 중앙동3가,중앙동3가
1211013900,3,1211000000,전남광주통합특별시 목포시 만호동,만호동
1211014000,3,1211000000,전남광주통합특별시 목포시 수강동1가,수강동1가
1211014100,3,1211000000,전남광주통합특별시 목포시 수강동2가,수강동2가
1211014200,3,1211000000,전남광주통합특별시 목포시 해안동1가,해안동1가
1211014300,3,1211000000,전남광주통합특별시 목포시 해안동2가,해안동2가
1211014400,3,1211000000,전남광주통합특별시 목포시 해안동3가,해안동3가
1211014500,3,1211000000,전남광주통합특별시 목포시 해안동4가,해안동4가
1211014600,3,1211000000,전남광주통합특별시 목포시 항동,항동
1211014700,3,1211000000,전남광주통합특별시 목포시 중동1가,중동1가
1211014800,3,1211000000,전남광주통합특별시 목포시 중동2가,중동2가
1211014900,3,1211000000,전남광주통합특별시 목포시 유동,유동
1211015000,3,1211000000,전남광주통합특별시 목포시 금동1가,금동1가
1211015100,3,1211000000,전남광주통합특별시 목포시 금동2가,금동2가
1211015200,3,1211000000,전남광주통합특별시 목포시 경동1가,경동1가
1211015300,3,1211000000,전남광주통합특별시 목포시 경동2가,경동2가
1211015400,3,1211000000,전남광주통합특별시 목포시 서산동,서산동
1211015500,3,1211000000,전남광주통합특별시 목포시 금화동,금화동
1211015600,3,1211000000,전남광주통합특별시 목포시 온금동,온금동
1211015700,3,1211000000,전남광주통합특별시 목포시 죽교동,죽교동
1211015800,3,1211000000,전남광주통합특별시 목포시 상동,상동
1211015900,3,1211000000,전남광주통합특별시 목포시 용해동,용해동
1211016000,3,1211000000,전남광주통합특별시 목포시 석현동,석현동
1211016100,3,1211000000,전남광주통합특별시 목포시 달동,달동
1211016200,3,1211000000,전남광주통합특별시 목포시 율도동,율도동
1211016300,3,1211000000,전남광주통합특별시 목포시 대양동,대양동
1211016400,3,1211000000,전남광주통합특별시 목포시 옥암동,옥암동
1213000000,2,1200000000,전남광주통합특별시 여수시,여수시
1213010100,3,1213000000,전남광주통합특별시 여수시 종화동,종화동
1213010200,3,1213000000,전남광주통합특별시 여수시 수정동,수정동
1213010300,3,1213000000,전남광주통합특별시 여수시 공화동,공화동
1213010400,3,1213000000,전남광주통합특별시 여수시 관문동,관문동
1213010500,3,1213000000,전남광주통합특별시 여수시 고소동,고소동
1213010600,3,1213000000,전남광주통합특별시 여수시 동산동,동산동
1213010700,3,1213000000,전남광주통합특별시 여수시 중앙동,중앙동
1213010800,3,1213000000,전남광주통합특별시 여수시 교동,교동
1213010900,3,1213000000,전남광주통합특별시 여수시 군자동,군자동
1213011000,3,1213000000,전남광주통합특별시 여수시 충무동,충무동
1213011100,3,1213000000,전남광주통합특별시 여수시 연등동,연등동
1213011200,3,1213000000,전남광주통합특별시 여수시 광무동,광무동
1213011300,3,1213000000,전남광주통합특별시 여수시 서교동,서교동
1213011400,3,1213000000,전남광주통합특별시 여수시 봉강동,봉강동
1213011500,3,1213000000,전남광주통합특별시 여수시 봉산동,봉산동
1213011600,3,1213000000,전남광주통합특별시 여수시 남산동,남산동
1213011700,3,1213000000,전남광주통합특별시 여수시 국동,국동
1213011800,3,1213000000,전남광주통합특별시 여수시 신월동,신월동
1213011900,3,1213000000,전남광주통합특별시 여수시 여서동,여서동
1213012000,3,1213000000,전남광주통합특별시 여수시 문수동,문수동
1213012100,3,1213000000,전남광주통합특별시 여수시 오림동,오림동
1213012200,3,1213000000,전남광주통합특별시 여수시 미평동,미평동
1213012300,3,1213000000,전남광주통합특별시 여수시 둔덕동,둔덕동
1213012400,3,1213000000,전남광주통합특별시 여수시 오천동,오천동
1213012500,3,1213000000,전남광주통합특별시 여수시 만흥동,만흥동
1213012600,3,1213000000,전남광주통합특별시 여수시 덕충동,덕충동
1213012700,3,1213000000,전남광주통합특별시 여수시 경호동,경호동
1213012800,3,1213000000,전남광주통합특별시 여수시 학동,학동
1213012900,3,1213000000,전남광주통합특별시 여수시 학용동,학용동
1213013000,3,1213000000,전남광주통합특별시 여수시 안산동,안산동
1213013100,3,1213000000,전남광주통합특별시 여수시 소호동,소호동
1213013200,3,1213000000,전남광주통합특별시 여수시 시전동,시전동
1213013300,3,1213000000,전남광주통합특별시 여수시 신기동,신기동
1213013400,3,1213000000,전남광주통합특별시 여수시 웅천동,웅천동
1213013500,3,1213000000,전남광주통합특별시 여수시 선원동,선원동
1213013600,3,1213000000,전남광주통합특별시 여수시 여천동,여천동
1213013700,3,1213000000,전남광주통합특별시 여수시 화장동,화장동
1213013800,3,1213000000,전남광주통합특별시 여수시 주삼동,주삼동
1213013900,3,1213000000,전남광주통합특별시 여수시 봉계동,봉계동
1213014000,3,1213000000,전남광주통합특별시 여수시 해산동,해산동
1213014100,3,1213000000,전남광주통합특별시 여수시 화치동,화치동
1213014200,3,1213000000,전남광주통합특별시 여수시 월하동,월하동
1213014300,3,1213000000,전남광주통합특별시 여수시 평여동,평여동
1213014400,3,1213000000,전남광주통합특별시 여수시 중흥동,중흥동
1213014500,3,1213000000,전남광주통합특별시 여수시 적량동,적량동
1213014600,3,1213000000,전남광주통합특별시 여수시 월내동,월내동
1213014700,3,1213000000,전남광주통합특별시 여수시 묘도동,묘도동
1213014800,3,1213000000,전남광주통합특별시 여수시 낙포동,낙포동
1213014900,3,1213000000,전남광주통합특별시 여수시 신덕동,신덕동
1213015000,3,1213000000,전남광주통합특별시 여수시 상암동,상암동
1213015100,3,1213000000,전남광주통합특별시 여수시 호명동,호명동
1213025000,3,1213000000,전남광주통합특별시 여수시 돌산읍,돌산읍
1213031000,3,1213000000,전남광주통합특별시 여수시 소라면,소라면
1213032000,3,1213000000,전남광주통합특별시 여수시 율촌면,율촌면
1213033000,3,1213000000,전남광주통합특별시 여수시 화양면,화양면
1213034000,3,1213000000,전남광주통합특별시 여수시 남면,남면
1213035000,3,1213000000,전남광주통합특별시 여수시 화정면,화정면
1213036000,3,1213000000,전남광주통합특별시 여수시 삼산면,삼산면
1215000000,2,1200000000,전남광주통합특별시 순천시,순천시
1215010100,3,1215000000,전남광주통합특별시 순천시 삼거동,삼거동
1215010200,3,1215000000,전남광주통합특별시 순천시 와룡동,와룡동
1215010300,3,1215000000,전남광주통합특별시 순천시 영동,영동
1215010400,3,1215000000,전남광주통합특별시 순천시 옥천동,옥천동
1215010500,3,1215000000,전남광주통합특별시 순천시 행동,행동
1215010600,3,1215000000,전남광주통합특별시 순천시 금곡동,금곡동
1215010700,3,1215000000,전남광주통합특별시 순천시 매곡동,매곡동
1215010800,3,1215000000,전남광주통합특별시 순천시 석현동,석현동
1215010900,3,1215000000,전남광주통합특별시 순천시 가곡동,가곡동
1215011000,3,1215000000,전남광주통합특별시 순천시 용당동,용당동
1215011100,3,1215000000,전남광주통합특별시 순천시 조곡동,조곡동
1215011200,3,1215000000,전남광주통합특별시 순천시 생목동,생목동
1215011300,3,1215000000,전남광주통합특별시 순천시 덕암동,덕암동
1215011400,3,1215000000,전남광주통합특별시 순천시 연향동,연향동
1215011500,3,1215000000,전남광주통합특별시 순천시 풍덕동,풍덕동
1215011600,3,1215000000,전남광주통합특별시 순천시 남정동,남정동
1215011700,3,1215000000,전남광주통합특별시 순천시 인제동,인제동
1215011800,3,1215000000,전남광주통합특별시 순천시 저전동,저전동
1215011900,3,1215000000,전남광주통합특별시 순천시 장천동,장천동
1215012000,3,1215000000,전남광주통합특별시 순천시 남내동,남내동
1215012100,3,1215000000,전남광주통합특별시 순천시 중앙동,중앙동
1215012200,3,1215000000,전남광주통합특별시 순천시 동외동,동외동
1215012300,3,1215000000,전남광주통합특별시 순천시 교량동,교량동
1215012400,3,1215000000,전남광주통합특별시 순천시 대룡동,대룡동
1215012500,3,1215000000,전남광주통합특별시 순천시 홍내동,홍내동
1215012600,3,1215000000,전남광주통합특별시 순천시 오천동,오천동
1215012700,3,1215000000,전남광주통합특별시 순천시 덕월동,덕월동
1215012800,3,1215000000,전남광주통합특별시 순천시 야흥동,야흥동
1215012900,3,1215000000,전남광주통합특별시 순천시 인월동,인월동
1215013000,3,1215000000,전남광주통합특별시 순천시 안풍동,안풍동
1215013100,3,1215000000,전남광주통합특별시 순천시 대대동,대대동
1215013200,3,1215000000,전남광주통합특별시 순천시 왕지동,왕지동
1215013300,3,1215000000,전남광주통합특별시 순천시 조례동,조례동
1215025000,3,1215000000,전남광주통합특별시 순천시 승주읍,승주읍
1215031000,3,1215000000,전남광주통합특별시 순천시 해룡면,해룡면
1215032000,3,1215000000,전남광주통합특별시 순천시 서면,서면
1215033000,3,1215000000,전남광주통합특별시 순천시 황전면,황전면
1215034000,3,1215000000,전남광주통합특별시 순천시 월등면,월등면
1215035000,3,1215000000,전남광주통합특별시 순천시 주암면,주암면
1215036000,3,1215000000,전남광주통합특별시 순천시 송광면,송광면
1215037000,3,1215000000,전남광주통합특별시 순천시 외서면,외서면
1215038000,3,1215000000,전남광주통합특별시 순천시 낙안면,낙안면
1215039000,3,1215000000,전남광주통합특별시 순천시 별량면,별량면
1215040000,3,1215000000,전남광주통합특별시 순천시 상사면,상사면
1217000000,2,1200000000,전남광주통합특별시 나주시,나주시
1217010100,3,1217000000,전남광주통합특별시 나주시 토계동,토계동
1217010200,3,1217000000,전남광주통합특별시 나주시 송월동,송월동
1217010300,3,1217000000,전남광주통합특별시 나주시 안창동,안창동
1217010400,3,1217000000,전남광주통합특별시 나주시 삼영동,삼영동
1217010500,3,1217000000,전남광주통합특별시 나주시 교동,교동
1217010600,3,1217000000,전남광주통합특별시 나주시 서내동,서내동
1217010700,3,1217000000,전남광주통합특별시 나주시 산정동,산정동
1217010800,3,1217000000,전남광주통합특별시 나주시 경현동,경현동
1217010900,3,1217000000,전남광주통합특별시 나주시 보산동,보산동
1217011000,3,1217000000,전남광주통합특별시 나주시 금계동,금계동
1217011100,3,1217000000,전남광주통합특별시 나주시 금성동,금성동
1217011200,3,1217000000,전남광주통합특별시 나주시 남내동,남내동
1217011300,3,1217000000,전남광주통합특별시 나주시 과원동,과원동
1217011400,3,1217000000,전남광주통합특별시 나주시 성북동,성북동
1217011500,3,1217000000,전남광주통합특별시 나주시 중앙동,중앙동
1217011600,3,1217000000,전남광주통합특별시 나주시 대호동,대호동
1217011700,3,1217000000,전남광주통합특별시 나주시 송촌동,송촌동
1217011800,3,1217000000,전남광주통합특별시 나주시 석현동,석현동
1217011900,3,1217000000,전남광주통합특별시 나주시 청동,청동
1217012000,3,1217000000,전남광주통합특별시 나주시 남외동,남외동
1217012100,3,1217000000,전남광주통합특별시 나주시 죽림동,죽림동
1217012200,3,1217000000,전남광주통합특별시 나주시 삼도동,삼도동
1217012300,3,1217000000,전남광주통합특별시 나주시 영산동,영산동
1217012400,3,1217000000,전남광주통합특별시 나주시 용산동,용산동
1217012500,3,1217000000,전남광주통합특별시 나주시 관정동,관정동
1217012600,3,1217000000,전남광주통합특별시 나주시 평산동,평산동
1217012700,3,1217000000,전남광주통합특별시 나주시 부덕동,부덕동
1217012800,3,1217000000,전남광주통합특별시 나주시 이창동,이창동
1217012900,3,1217000000,전남광주통합특별시 나주시 대기동,대기동
1217013000,3,1217000000,전남광주통합특별시 나주시 운곡동,운곡동
1217013100,3,1217000000,전남광주통합특별시 나주시 동수동,동수동
1217013200,3,1217000000,전남광주통합특별시 나주시 오량동,오량동
1217013300,3,1217000000,전남광주통합특별시 나주시 진포동,진포동
1217013400,3,1217000000,전남광주통합특별시 나주시 빛가람동,빛가람동
1217025000,3,1217000000,전남광주통합특별시 나주시 남평읍,남평읍
1217031000,3,1217000000,전남광주통합특별시 나주시 세지면,세지면
1217032000,3,1217000000,전남광주통합특별시 나주시 왕곡면,왕곡면
1217033000,3,1217000000,전남광주통합특별시 나주시 반남면,반남면
1217034000,3,1217000000,전남광주통합특별시 나주시 공산면,공산면
1217035000,3,1217000000,전남광주통합특별시 나주시 동강면,동강면
1217036000,3,1217000000,전남광주통합특별시 나주시 다시면,다시면
1217037000,3,1217000000,전남광주통합특별시 나주시 문평면,문평면
1217038000,3,1217000000,전남광주통합특별시 나주시 노안면,노안면
1217039000,3,1217000000,전남광주통합특별시 나주시 금천면,금천면
1217040000,3,1217000000,전남광주통합특별시 나주시 산포면,산포면
1217042000,3,1217000000,전남광주통합특별시 나주시 다도면,다도면
1217043000,3,1217000000,전남광주통합특별시 나주시 봉황면,봉황면
1219000000,2,1200000000,전남광주통합특별시 광양시,광양시
1219010100,3,1219000000,전남광주통합특별시 광양시 황금동,황금동
1219010200,3,1219000000,전남광주통합특별시 광양시 황길동,황길동
1219010300,3,1219000000,전남광주통합특별시 광양시 도이동,도이동
1219010400,3,1219000000,전남광주통합특별시 광양시 성황동,성황동
1219010500,3,1219000000,전남광주통합특별시 광양시 중군동,중군동
1219010600,3,1219000000,전남광주통합특별시 광양시 중동,중동
1219010700,3,1219000000,전남광주통합특별시 광양시 마동,마동
1219010800,3,1219000000,전남광주통합특별시 광양시 광영동,광영동
1219010900,3,1219000000,전남광주통합특별시 광양시 태인동,태인동
1219011000,3,1219000000,전남광주통합특별시 광양시 금호동,금호동
1219025000,3,1219000000,전남광주통합특별시 광양시 광양읍,광양읍
1219031000,3,1219000000,전남광주통합특별시 광양시 봉강면,봉강면
1219032000,3,1219000000,전남광주통합특별시 광양시 옥룡면,옥룡면
1219033000,3,1219000000,전남광주통합특별시 광양시 옥곡면,옥곡면
1219034000,3,1219000000,전남광주통합특별시 광양시 진상면,진상면
1219035000,3,1219000000,전남광주통합특별시 광양시 진월면,진월면
1219036000,3,1219000000,전남광주통합특별시 광양시 다압면,다압면
1221000000,2,1200000000,전남광주통합특별시 동구,동구
1221010100,3,1221000000,전남광주통합특별시 동구 대인동,대인동
1221010200,3,1221000000,전남광주통합특별시 동구 금남로5가,금남로5가
1221010300,3,1221000000,전남광주통합특별시 동구 충장로5가,충장로5가
1221010400,3,1221000000,전남광주통합특별시 동구 수기동,수기동
1221010500,3,1221000000,전남광주통합특별시 동구 대의동,대의동
1221010600,3,1221000000,전남광주통합특별시 동구 궁동,궁동
1221010700,3,1221000000,전남광주통합특별시 동구 장동,장동
1221010800,3,1221000000,전남광주통합특별시 동구 동명동,동명동
1221010900,3,1221000000,전남광주통합특별시 동구 계림동,계림동
1221011000,3,1221000000,전남광주통합특별시 동구 산수동,산수동
1221011100,3,1221000000,전남광주통합특별시 동구 지산동,지산동
1221011200,3,1221000000,전남광주통합특별시 동구 남동,남동
1221011300,3,1221000000,전남광주통합특별시 동구 광산동,광산동
1221011400,3,1221000000,전남광주통합특별시 동구 금동,금동
1221011500,3,1221000000,전남광주통합특별시 동구 호남동,호남동
1221011600,3,1221000000,전남광주통합특별시 동구 불로동,불로동
1221011700,3,1221000000,전남광주통합특별시 동구 황금동,황금동
1221011800,3,1221000000,전남광주통합특별시 동구 서석동,서석동
1221011900,3,1221000000,전남광주통합특별시 동구 소태동,소태동
1221012000,3,1221000000,전남광주통합특별시 동구 용연동,용연동
1221012100,3,1221000000,전남광주통합특별시 동구 운림동,운림동
1221012200,3,1221000000,전남광주통합특별시 동구 학동,학동
1221012300,3,1221000000,전남광주통합특별시 동구 월남동,월남동
1221012400,3,1221000000,전남광주통합특별시 동구 선교동,선교동
1221012500,3,1221000000,전남광주통합특별시 동구 내남동,내남동
1221012600,3,1221000000,전남광주통합특별시 동구 용산동,용산동
1221012700,3,1221000000,전남광주통합특별시 동구 충장로1가,충장로1가
1221012800,3,1221000000,전남광주통합특별시 동구 충장로2가,충장로2가
1221012900,3,1221000000,전남광주통합특별시 동구 충장로3가,충장로3가
1221013000,3,1221000000,전남광주통합특별시 동구 충장로4가,충장로4가
1221013100,3,1221000000,전남광주통합특별시 동구 금남로1가,금남로1가
1221013200,3,1221000000,전남광주통합특별시 동구 금남로2가,금남로2가
1221013300,3,1221000000,전남광주통합특별시 동구 금남로3가,금남로3가
1221013400,3,1221000000,전남광주통합특별시 동구 금남로4가,금남로4가
1224000000,2,1200000000,전남광주통합특별시 서구,서구
1224010400,3,1224000000,전남광주통합특별시 서구 양동,양동
1224010600,3,1224000000,전남광주통합특별시 서구 농성동,농성동
1224011500,3,1224000000,전남광주통합특별시 서구 광천동,광천동
1224011600,3,1224000000,전남광주통합특별시 서구 유촌동,유촌동
1224011700,3,1224000000,전남광주통합특별시 서구 덕흥동,덕흥동
1224011800,3,1224000000,전남광주통합특별시 서구 쌍촌동,쌍촌동
1224011900,3,1224000000,전남광주통합특별시 서구 화정동,화정동
1224012000,3,1224000000,전남광주통합특별시 서구 치평동,치평동
1224012100,3,1224000000,전남광주통합특별시 서구 내방동,내방동
1224012500,3,1224000000,전남광주통합특별시 서구 서창동,서창동
1224012600,3,1224000000,전남광주통합특별시 서구 세하동,세하동
1224012700,3,1224000000,전남광주통합특별시 서구 용두동,용두동
1224012800,3,1224000000,전남광주통합특별시 서구 풍암동,풍암동
1224012900,3,1224000000,전남광주통합특별시 서구 벽진동,벽진동
1224013000,3,1224000000,전남광주통합특별시 서구 금호동,금호동
1224013100,3,1224000000,전남광주통합특별시 서구 마륵동,마륵동
1224013200,3,1224000000,전남광주통합특별시 서구 매월동,매월동
1224013300,3,1224000000,전남광주통합특별시 서구 동천동,동천동
1227000000,2,1200000000,전남광주통합특별시 남구,남구
1227010100,3,1227000000,전남광주통합특별시 남구 사동,사동
1227010200,3,1227000000,전남광주통합특별시 남구 구동,구동
1227010300,3,1227000000,전남광주통합특별시 남구 서동,서동
1227010400,3,1227000000,전남광주통합특별시 남구 월산동,월산동
1227010500,3,1227000000,전남광주통합특별시 남구 백운동,백운동
1227010600,3,1227000000,전남광주통합특별시 남구 주월동,주월동
1227010700,3,1227000000,전남광주통합특별시 남구 노대동,노대동
1227010800,3,1227000000,전남광주통합특별시 남구 진월동,진월동
1227010900,3,1227000000,전남광주통합특별시 남구 덕남동,덕남동
1227011000,3,1227000000,전남광주통합특별시 남구 행암동,행암동
1227011100,3,1227000000,전남광주통합특별시 남구 임암동,임암동
1227011200,3,1227000000,전남광주통합특별시 남구 송하동,송하동
1227011300,3,1227000000,전남광주통합특별시 남구 양림동,양림동
1227011400,3,1227000000,전남광주통합특별시 남구 방림동,방림동
1227011500,3,1227000000,전남광주통합특별시 남구 봉선동,봉선동
1227011600,3,1227000000,전남광주통합특별시 남구 구소동,구소동
1227011700,3,1227000000,전남광주통합특별시 남구 양촌동,양촌동
1227011800,3,1227000000,전남광주통합특별시 남구 도금동,도금동
1227011900,3,1227000000,전남광주통합특별시 남구 승촌동,승촌동
1227012000,3,1227000000,전남광주통합특별시 남구 지석동,지석동
1227012100,3,1227000000,전남광주통합특별시 남구 압촌동,압촌동
1227012200,3,1227000000,전남광주통합특별시 남구 화장동,화장동
1227012300,3,1227000000,전남광주통합특별시 남구 칠석동,칠석동
1227012400,3,1227000000,전남광주통합특별시 남구 석정동,석정동
1227012500,3,1227000000,전남광주통합특별시 남구 신장동,신장동
1227012600,3,1227000000,전남광주통합특별시 남구 양과동,양과동
1227012700,3,1227000000,전남광주통합특별시 남구 이장동,이장동
1227012800,3,1227000000,전남광주통합특별시 남구 대지동,대지동
1227012900,3,1227000000,전남광주통합특별시 남구 원산동,원산동
1227013000,3,1227000000,전남광주통합특별시 남구 월성동,월성동
1230000000,2,1200000000,전남광주통합특별시 북구,북구
1230010100,3,1230000000,전남광주통합특별시 북구 중흥동,중흥동
1230010200,3,1230000000,전남광주통합특별시 북구 유동,유동
1230010300,3,1230000000,전남광주통합특별시 북구 누문동,누문동
1230010400,3,1230000000,전남광주통합특별시 북구 북동,북동
1230010500,3,1230000000,전남광주통합특별시 북구 임동,임동
1230010600,3,1230000000,전남광주통합특별시 북구 신안동,신안동
1230010700,3,1230000000,전남광주통합특별시 북구 용봉동,용봉동
1230010800,3,1230000000,전남광주통합특별시 북구 동림동,동림동
1230010900,3,1230000000,전남광주통합특별시 북구 운암동,운암동
1230011000,3,1230000000,전남광주통합특별시 북구 우산동,우산동
1230011100,3,1230000000,전남광주통합특별시 북구 풍향동,풍향동
1230011200,3,1230000000,전남광주통합특별시 북구 문흥동,문흥동
1230011300,3,1230000000,전남광주통합특별시 북구 각화동,각화동
1230011400,3,1230000000,전남광주통합특별시 북구 두암동,두암동
1230011500,3,1230000000,전남광주통합특별시 북구 오치동,오치동
1230011600,3,1230000000,전남광주통합특별시 북구 삼각동,삼각동
1230011700,3,1230000000,전남광주통합특별시 북구 매곡동,매곡동
1230011800,3,1230000000,전남광주통합특별시 북구 충효동,충효동
1230011900,3,1230000000,전남광주통합특별시 북구 덕의동,덕의동
1230012000,3,1230000000,전남광주통합특별시 북구 금곡동,금곡동
1230012100,3,1230000000,전남광주통합특별시 북구 망월동,망월동
1230012200,3,1230000000,전남광주통합특별시 북구 청풍동,청풍동
1230012300,3,1230000000,전남광주통합특별시 북구 화암동,화암동
1230012400,3,1230000000,전남광주통합특별시 북구 장등동,장등동
1230012500,3,1230000000,전남광주통합특별시 북구 운정동,운정동
1230012600,3,1230000000,전남광주통합특별시 북구 본촌동,본촌동
1230012700,3,1230000000,전남광주통합특별시 북구 일곡동,일곡동
1230012800,3,1230000000,전남광주통합특별시 북구 양산동,양산동
1230012900,3,1230000000,전남광주통합특별시 북구 연제동,연제동
1230013000,3,1230000000,전남광주통합특별시 북구 신용동,신용동
1230013100,3,1230000000,전남광주통합특별시 북구 용두동,용두동
1230013200,3,1230000000,전남광주통합특별시 북구 지야동,지야동
1230013300,3,1230000000,전남광주통합특별시 북구 태령동,태령동
1230013400,3,1230000000,전남광주통합특별시 북구 수곡동,수곡동
1230013500,3,1230000000,전남광주통합특별시 북구 효령동,효령동
1230013600,3,1230000000,전남광주통합특별시 북구 용전동,용전동
1230013700,3,1230000000,전남광주통합특별시 북구 용강동,용강동
1230013800,3,1230000000,전남광주통합특별시 북구 생용동,생용동
1230013900,3,1230000000,전남광주통합특별시 북구 월출동,월출동
1230014000,3,1230000000,전남광주통합특별시 북구 대촌동,대촌동
1230014100,3,1230000000,전남광주통합특별시 북구 오룡동,오룡동
1233000000,2,1200000000,전남광주통합특별시 광산구,광산구
1233010100,3,1233000000,전남광주통합특별시 광산구 송정동,송정동
1233010200,3,1233000000,전남광주통합특별시 광산구 도산동,도산동
1233010300,3,1233000000,전남광주통합특별시 광산구 도호동,도호동
1233010400,3,1233000000,전남광주통합특별시 광산구 신촌동,신촌동
1233010500,3,1233000000,전남광주통합특별시 광산구 서봉동,서봉동
1233010600,3,1233000000,전남광주통합특별시 광산구 운수동,운수동
1233010700,3,1233000000,전남광주통합특별시 광산구 선암동,선암동
1233010800,3,1233000000,전남광주통합특별시 광산구 소촌동,소촌동
1233010900,3,1233000000,전남광주통합특별시 광산구 우산동,우산동
1233011000,3,1233000000,전남광주통합특별시 광산구 황룡동,황룡동
1233011100,3,1233000000,전남광주통합특별시 광산구 박호동,박호동
1233011200,3,1233000000,전남광주통합특별시 광산구 비아동,비아동
1233011300,3,1233000000,전남광주통합특별시 광산구 도천동,도천동
1233011400,3,1233000000,전남광주통합특별시 광산구 수완동,수완동
1233011500,3,1233000000,전남광주통합특별시 광산구 월계동,월계동
1233011600,3,1233000000,전남광주통합특별시 광산구 쌍암동,쌍암동
1233011700,3,1233000000,전남광주통합특별시 광산구 산월동,산월동
1233011800,3,1233000000,전남광주통합특별시 광산구 신창동,신창동
1233011900,3,1233000000,전남광주통합특별시 광산구 신가동,신가동
1233012000,3,1233000000,전남광주통합특별시 광산구 운남동,운남동
1233012100,3,1233000000,전남광주통합특별시 광산구 안청동,안청동
1233012200,3,1233000000,전남광주통합특별시 광산구 진곡동,진곡동
1233012300,3,1233000000,전남광주통합특별시 광산구 장덕동,장덕동
1233012400,3,1233000000,전남광주통합특별시 광산구 흑석동,흑석동
1233012500,3,1233000000,전남광주통합특별시 광산구 하남동,하남동
1233012600,3,1233000000,전남광주통합특별시 광산구 장수동,장수동
1233012700,3,1233000000,전남광주통합특별시 광산구 산정동,산정동
1233012800,3,1233000000,전남광주통합특별시 광산구 월곡동,월곡동
1233012900,3,1233000000,전남광주통합특별시 광산구 등임동,등임동
1233013000,3,1233000000,전남광주통합특별시 광산구 산막동,산막동
1233013100,3,1233000000,전남광주통합특별시 광산구 고룡동,고룡동
1233013200,3,1233000000,전남광주통합특별시 광산구 신룡동,신룡동
1233013300,3,1233000000,전남광주통합특별시 광산구 두정동,두정동
1233013400,3,1233000000,전남광주통합특별시 광산구 임곡동,임곡동
1233013500,3,1233000000,전남광주통합특별시 광산구 광산동,광산동
1233013600,3,1233000000,전남광주통합특별시 광산구 오산동,오산동
1233013700,3,1233000000,전남광주통합특별시 광산구 사호동,사호동
1233013800,3,1233000000,전남광주통합특별시 광산구 하산동,하산동
1233013900,3,1233000000,전남광주통합특별시 광산구 유계동,유계동
1233014000,3,1233000000,전남광주통합특별시 광산구 본덕동,본덕동
1233014100,3,1233000000,전남광주통합특별시 광산구 용봉동,용봉동
1233014200,3,1233000000,전남광주통합특별시 광산구 요기동,요기동
1233014300,3,1233000000,전남광주통합특별시 광산구 복룡동,복룡동
1233014400,3,1233000000,전남광주통합특별시 광산구 송대동,송대동
1233014500,3,1233000000,전남광주통합특별시 광산구 옥동,옥동
1233014600,3,1233000000,전남광주통합특별시 광산구 월전동,월전동
1233014700,3,1233000000,전남광주통합특별시 광산구 장록동,장록동
1233014800,3,1233000000,전남광주통합특별시 광산구 송촌동,송촌동
1233014900,3,1233000000,전남광주통합특별시 광산구 지죽동,지죽동
1233015000,3,1233000000,전남광주통합특별시 광산구 용동,용동
1233015100,3,1233000000,전남광주통합특별시 광산구 용곡동,용곡동
1233015200,3,1233000000,전남광주통합특별시 광산구 지정동,지정동
1233015300,3,1233000000,전남광주통합특별시 광산구 명화동,명화동
1233015400,3,1233000000,전남광주통합특별시 광산구 동산동,동산동
1233015500,3,1233000000,전남광주통합특별시 광산구 연산동,연산동
1233015600,3,1233000000,전남광주통합특별시 광산구 도덕동,도덕동
1233015700,3,1233000000,전남광주통합특별시 광산구 송산동,송산동
1233015800,3,1233000000,전남광주통합특별시 광산구 지평동,지평동
1233015900,3,1233000000,전남광주통합특별시 광산구 오운동,오운동
1233016000,3,1233000000,전남광주통합특별시 광산구 삼거동,삼거동
1233016100,3,1233000000,전남광주통합특별시 광산구 양동,양동
1233016200,3,1233000000,전남광주통합특별시 광산구 내산동,내산동
1233016300,3,1233000000,전남광주통합특별시 광산구 대산동,대산동
1233016400,3,1233000000,전남광주통합특별시 광산구 송학동,송학동
1233016500,3,1233000000,전남광주통합특별시 광산구 신동,신동
1233016600,3,1233000000,전남광주통합특별시 광산구 삼도동,삼도동
1233016700,3,1233000000,전남광주통합특별시 광산구 남산동,남산동
1233016800,3,1233000000,전남광주통합특별시 광산구 송치동,송치동
1233016900,3,1233000000,전남광주통합특별시 광산구 산수동,산수동
1233017000,3,1233000000,전남광주통합특별시 광산구 선동,선동
1233017100,3,1233000000,전남광주통합특별시 광산구 지산동,지산동
1233017200,3,1233000000,전남광주통합특별시 광산구 왕동,왕동
1233017300,3,1233000000,전남광주통합특별시 광산구 북산동,북산동
1233017400,3,1233000000,전남광주통합특별시 광산구 명도동,명도동
1233017500,3,1233000000,전남광주통합특별시 광산구 동호동,동호동
1233017600,3,1233000000,전남광주통합특별시 광산구 덕림동,덕림동
1233017700,3,1233000000,전남광주통합특별시 광산구 양산동,양산동
1233017800,3,1233000000,전남광주통합특별시 광산구 동림동,동림동
1233020200,3,1233000000,전남광주통합특별시 광산구 오선동,오선동
1271000000,2,1200000000,전남광주통합특별시 담양군,담양군
1271025000,3,1271000000,전남광주통합특별시 담양군 담양읍,담양읍
1271031000,3,1271000000,전남광주통합특별시 담양군 봉산면,봉산면
1271032000,3,1271000000,전남광주통합특별시 담양군 고서면,고서면
1271033500,3,1271000000,전남광주통합특별시 담양군 가사문학면,가사문학면
1271034000,3,1271000000,전남광주통합특별시 담양군 창평면,창평면
1271035000,3,1271000000,전남광주통합특별시 담양군 대덕면,대덕면
1271036000,3,1271000000,전남광주통합특별시 담양군 무정면,무정면
1271037000,3,1271000000,전남광주통합특별시 담양군 금성면,금성면
1271038000,3,1271000000,전남광주통합특별시 담양군 용면,용면
1271039000,3,1271000000,전남광주통합특별시 담양군 월산면,월산면
1271040000,3,1271000000,전남광주통합특별시 담양군 수북면,수북면
1271041000,3,1271000000,전남광주통합특별시 담양군 대전면,대전면
1272000000,2,1200000000,전남광주통합특별시 곡성군,곡성군
1272025000,3,1272000000,전남광주통합특별시 곡성군 곡성읍,곡성읍
1272031000,3,1272000000,전남광주통합특별시 곡성군 오곡면,오곡면
1272032000,3,1272000000,전남광주통합특별시 곡성군 삼기면,삼기면
1272033000,3,1272000000,전남광주통합특별시 곡성군 석곡면,석곡면
1272034000,3,1272000000,전남광주통합특별시 곡성군 목사동면,목사동면
1272035000,3,1272000000,전남광주통합특별시 곡성군 죽곡면,죽곡면
1272036000,3,1272000000,전남광주통합특별시 곡성군 고달면,고달면
1272037000,3,1272000000,전남광주통합특별시 곡성군 옥과면,옥과면
1272038000,3,1272000000,전남광주통합특별시 곡성군 입면,입면
1272039000,3,1272000000,전남광주통합특별시 곡성군 겸면,겸면
1272040000,3,1272000000,전남광주통합특별시 곡성군 오산면,오산면
1273000000,2,1200000000,전남광주통합특별시 구례군,구례군
1273025000,3,1273000000,전남광주통합특별시 구례군 구례읍,구례읍
1273031000,3,1273000000,전남광주통합특별시 구례군 문척면,문척면
1273032000,3,1273000000,전남광주통합특별시 구례군 간전면,간전면
1273033000,3,1273000000,전남광주통합특별시 구례군 토지면,토지면
1273034000,3,1273000000,전남광주통합특별시 구례군 마산면,마산면
1273035000,3,1273000000,전남광주통합특별시 구례군 광의면,광의면
1273036000,3,1273000000,전남광주통합특별시 구례군 용방면,용방면
1273037000,3,1273000000,전남광주통합특별시 구례군 산동면,산동면
1274000000,2,1200000000,전남광주통합특별시 고흥군,고흥군
1274025000,3,1274000000,전남광주통합특별시 고흥군 고흥읍,고흥읍
1274025300,3,1274000000,전남광주통합특별시 고흥군 도양읍,도양읍
1274031000,3,1274000000,전남광주통합특별시 고흥군 풍양면,풍양면
1274032000,3,1274000000,전남광주통합특별시 고흥군 도덕면,도덕면
1274033000,3,1274000000,전남광주통합특별시 고흥군 금산면,금산면
1274034000,3,1274000000,전남광주통합특별시 고흥군 도화면,도화면
1274035000,3,1274000000,전남광주통합특별시 고흥군 포두면,포두면
1274036000,3,1274000000,전남광주통합특별시 고흥군 봉래면,봉래면
1274037000,3,1274000000,전남광주통합특별시 고흥군 점암면,점암면
1274038000,3,1274000000,전남광주통합특별시 고흥군 과역면,과역면
1274039000,3,1274000000,전남광주통합특별시 고흥군 남양면,남양면
1274040000,3,1274000000,전남광주통합특별시 고흥군 동강면,동강면
1274041000,3,1274000000,전남광주통합특별시 고흥군 대서면,대서면
1274042000,3,1274000000,전남광주통합특별시 고흥군 두원면,두원면
1274044000,3,1274000000,전남광주통합특별시 고흥군 영남면,영남면
1274045000,3,1274000000,전남광주통합특별시 고흥군 동일면,동일면
1275000000,2,1200000000,전남광주통합특별시 보성군,보성군
1275025000,3,1275000000,전남광주통합특별시 보성군 보성읍,보성읍
1275025300,3,1275000000,전남광주통합특별시 보성군 벌교읍,벌교읍
1275031000,3,1275000000,전남광주통합특별시 보성군 노동면,노동면
1275032000,3,1275000000,전남광주통합특별시 보성군 미력면,미력면
1275033000,3,1275000000,전남광주통합특별시 보성군 겸백면,겸백면
1275034000,3,1275000000,전남광주통합특별시 보성군 율어면,율어면
1275035000,3,1275000000,전남광주통합특별시 보성군 복내면,복내면
1275036000,3,1275000000,전남광주통합특별시 보성군 문덕면,문덕면
1275037000,3,1275000000,전남광주통합특별시 보성군 조성면,조성면
1275038000,3,1275000000,전남광주통합특별시 보성군 득량면,득량면
1275039000,3,1275000000,전남광주통합특별시 보성군 회천면,회천면
1275040000,3,1275000000,전남광주통합특별시 보성군 웅치면,웅치면
1276000000,2,1200000000,전남광주통합특별시 화순군,화순군
1276025000,3,1276000000,전남광주통합특별시 화순군 화순읍,화순읍
1276031000,3,1276000000,전남광주통합특별시 화순군 한천면,한천면
1276032000,3,1276000000,전남광주통합특별시 화순군 춘양면,춘양면
1276033000,3,1276000000,전남광주통합특별시 화순군 청풍면,청풍면
1276034000,3,1276000000,전남광주통합특별시 화순군 이양면,이양면
1276035000,3,1276000000,전남광주통합특별시 화순군 능주면,능주면
1276036000,3,1276000000,전남광주통합특별시 화순군 도곡면,도곡면
1276037000,3,1276000000,전남광주통합특별시 화순군 도암면,도암면
1276038000,3,1276000000,전남광주통합특별시 화순군 이서면,이서면
1276039500,3,1276000000,전남광주통합특별시 화순군 백아면,백아면
1276040000,3,1276000000,전남광주통합특별시 화순군 동복면,동복면
1276041500,3,1276000000,전남광주통합특별시 화순군 사평면,사평면
1276042000,3,1276000000,전남광주통합특별시 화순군 동면,동면
1277000000,2,1200000000,전남광주통합특별시 장흥군,장흥군
1277025000,3,1277000000,전남광주통합특별시 장흥군 장흥읍,장흥읍
1277025300,3,1277000000,전남광주통합특별시 장흥군 관산읍,관산읍
1277025600,3,1277000000,전남광주통합특별시 장흥군 대덕읍,대덕읍
1277031000,3,1277000000,전남광주통합특별시 장흥군 용산면,용산면
1277032000,3,1277000000,전남광주통합특별시 장흥군 안양면,안양면
1277033000,3,1277000000,전남광주통합특별시 장흥군 장동면,장동면
1277034000,3,1277000000,전남광주통합특별시 장흥군 장평면,장평면
1277035000,3,1277000000,전남광주통합특별시 장흥군 유치면,유치면
1277036000,3,1277000000,전남광주통합특별시 장흥군 부산면,부산면
1277037000,3,1277000000,전남광주통합특별시 장흥군 회진면,회진면
1278000000,2,1200000000,전남광주통합특별시 강진군,강진군
1278025000,3,1278000000,전남광주통합특별시 강진군 강진읍,강진읍
1278031000,3,1278000000,전남광주통합특별시 강진군 군동면,군동면
1278032000,3,1278000000,전남광주통합특별시 강진군 칠량면,칠량면
1278033000,3,1278000000,전남광주통합특별시 강진군 대구면,대구면
1278034000,3,1278000000,전남광주통합특별시 강진군 도암면,도암면
1278035000,3,1278000000,전남광주통합특별시 강진군 신전면,신전면
1278036000,3,1278000000,전남광주통합특별시 강진군 성전면,성전면
1278037000,3,1278000000,전남광주통합특별시 강진군 작천면,작천면
1278038000,3,1278000000,전남광주통합특별시 강진군 병영면,병영면
1278039000,3,1278000000,전남광주통합특별시 강진군 옴천면,옴천면
1278040000,3,1278000000,전남광주통합특별시 강진군 마량면,마량면
1279000000,2,1200000000,전남광주통합특별시 해남군,해남군
1279025000,3,1279000000,전남광주통합특별시 해남군 해남읍,해남읍
1279031000,3,1279000000,전남광주통합특별시 해남군 삼산면,삼산면
1279032000,3,1279000000,전남광주통합특별시 해남군 화산면,화산면
1279033000,3,1279000000,전남광주통합특별시 해남군 현산면,현산면
1279034000,3,1279000000,전남광주통합특별시 해남군 송지면,송지면
1279035000,3,1279000000,전남광주통합특별시 해남군 북평면,북평면
1279036000,3,1279000000,전남광주통합특별시 해남군 북일면,북일면
1279037000,3,1279000000,전남광주통합특별시 해남군 옥천면,옥천면
1279038000,3,1279000000,전남광주통합특별시 해남군 계곡면,계곡면
1279039000,3,1279000000,전남광주통합특별시 해남군 마산면,마산면
1279040000,3,1279000000,전남광주통합특별시 해남군 황산면,황산면
1279041000,3,1279000000,전남광주통합특별시 해남군 산이면,산이면
1279042000,3,1279000000,전남광주통합특별시 해남군 문내면,문내면
1279043000,3,1279000000,전남광주통합특별시 해남군 화원면,화원면
1280000000,2,1200000000,전남광주통합특별시 영암군,영암군
1280025000,3,1280000000,전남광주통합특별시 영암군 영암읍,영암읍
1280025300,3,1280000000,전남광주통합특별시 영암군 삼호읍,삼호읍
1280031000,3,1280000000,전남광주통합특별시 영암군 덕진면,덕진면
1280032000,3,1280000000,전남광주통합특별시 영암군 금정면,금정면
1280033000,3,1280000000,전남광주통합특별시 영암군 신북면,신북면
1280034000,3,1280000000,전남광주통합특별시 영암군 시종면,시종면
1280035000,3,1280000000,전남광주통합특별시 영암군 도포면,도포면
1280036000,3,1280000000,전남광주통합특별시 영암군 군서면,군서면
1280037000,3,1280000000,전남광주통합특별시 영암군 서호면,서호면
1280038000,3,1280000000,전남광주통합특별시 영암군 학산면,학산면
1280039000,3,1280000000,전남광주통합특별시 영암군 미암면,미암면
1281000000,2,1200000000,전남광주통합특별시 무안군,무안군
1281025000,3,1281000000,전남광주통합특별시 무안군 무안읍,무안읍
1281025300,3,1281000000,전남광주통합특별시 무안군 일로읍,일로읍
1281025600,3,1281000000,전남광주통합특별시 무안군 삼향읍,삼향읍
1281032000,3,1281000000,전남광주통합특별시 무안군 몽탄면,몽탄면
1281033000,3,1281000000,전남광주통합특별시 무안군 청계면,청계면
1281034000,3,1281000000,전남광주통합특별시 무안군 현경면,현경면
1281035000,3,1281000000,전남광주통합특별시 무안군 망운면,망운면
1281036000,3,1281000000,전남광주통합특별시 무안군 해제면,해제면
1281037000,3,1281000000,전남광주통합특별시 무안군 운남면,운남면
1282000000,2,1200000000,전남광주통합특별시 함평군,함평군
1282025000,3,1282000000,전남광주통합특별시 함평군 함평읍,함평읍
1282031000,3,1282000000,전남광주통합특별시 함평군 손불면,손불면
1282032000,3,1282000000,전남광주통합특별시 함평군 신광면,신광면
1282033000,3,1282000000,전남광주통합특별시 함평군 학교면,학교면
1282034000,3,1282000000,전남광주통합특별시 함평군 엄다면,엄다면
1282035000,3,1282000000,전남광주통합특별시 함평군 대동면,대동면
1282036000,3,1282000000,전남광주통합특별시 함평군 나산면,나산면
1282037000,3,1282000000,전남광주통합특별시 함평군 해보면,해보면
1282038000,3,1282000000,전남광주통합특별시 함평군 월야면,월야면
1283000000,2,1200000000,전남광주통합특별시 영광군,영광군
1283025000,3,1283000000,전남광주통합특별시 영광군 영광읍,영광읍
1283025300,3,1283000000,전남광주통합특별시 영광군 백수읍,백수읍
1283025600,3,1283000000,전남광주통합특별시 영광군 홍농읍,홍농읍
1283031000,3,1283000000,전남광주통합특별시 영광군 대마면,대마면
1283032000,3,1283000000,전남광주통합특별시 영광군 묘량면,묘량면
1283033000,3,1283000000,전남광주통합특별시 영광군 불갑면,불갑면
1283034000,3,1283000000,전남광주통합특별시 영광군 군서면,군서면
1283035000,3,1283000000,전남광주통합특별시 영광군 군남면,군남면
1283036000,3,1283000000,전남광주통합특별시 영광군 염산면,염산면
1283037000,3,1283000000,전남광주통합특별시 영광군 법성면,법성면
1283038000,3,1283000000,전남광주통합특별시 영광군 낙월면,낙월면
1284000000,2,1200000000,전남광주통합특별시 장성군,장성군
1284025000,3,1284000000,전남광주통합특별시 장성군 장성읍,장성읍
1284031000,3,1284000000,전남광주통합특별시 장성군 진원면,진원면
1284032000,3,1284000000,전남광주통합특별시 장성군 남면,남면
1284033000,3,1284000000,전남광주통합특별시 장성군 동화면,동화면
1284034000,3,1284000000,전남광주통합특별시 장성군 삼서면,삼서면
1284035000,3,1284000000,전남광주통합특별시 장성군 삼계면,삼계면
1284036000,3,1284000000,전남광주통합특별시 장성군 황룡면,황룡면
1284037000,3,1284000000,전남광주통합특별시 장성군 서삼면,서삼면
1284038000,3,1284000000,전남광주통합특별시 장성군 북일면,북일면
1284039000,3,1284000000,전남광주통합특별시 장성군 북이면,북이면
1284040000,3,1284000000,전남광주통합특별시 장성군 북하면,북하면
1285000000,2,1200000000,전남광주통합특별시 완도군,완도군
1285025000,3,1285000000,전남광주통합특별시 완도군 완도읍,완도읍
1285025300,3,1285000000,전남광주통합특별시 완도군 금일읍,금일읍
1285025600,3,1285000000,전남광주통합특별시 완도군 노화읍,노화읍
1285031000,3,1285000000,전남광주통합특별시 완도군 군외면,군외면
1285032000,3,1285000000,전남광주통합특별시 완도군 신지면,신지면
1285033000,3,1285000000,전남광주통합특별시 완도군 고금면,고금면
1285034000,3,1285000000,전남광주통합특별시 완도군 약산면,약산면
1285035000,3,1285000000,전남광주통합특별시 완도군 청산면,청산면
1285036000,3,1285000000,전남광주통합특별시 완도군 소안면,소안면
1285037000,3,1285000000,전남광주통합특별시 완도군 금당면,금당면
1285038000,3,1285000000,전남광주통합특별시 완도군 보길면,보길면
1285039000,3,1285000000,전남광주통합특별시 완도군 생일면,생일면
1286000000,2,1200000000,전남광주통합특별시 진도군,진도군
1286025000,3,1286000000,전남광주통합특별시 진도군 진도읍,진도읍
1286031000,3,1286000000,전남광주통합특별시 진도군 군내면,군내면
1286032000,3,1286000000,전남광주통합특별시 진도군 고군면,고군면
1286033000,3,1286000000,전남광주통합특별시 진도군 의신면,의신면
1286034000,3,1286000000,전남광주통합특별시 진도군 임회면,임회면
1286035000,3,1286000000,전남광주통합특별시 진도군 지산면,지산면
1286036000,3,1286000000,전남광주통합특별시 진도군 조도면,조도면
1287000000,2,1200000000,전남광주통합특별시 신안군,신안군
1287025000,3,1287000000,전남광주통합특별시 신안군 지도읍,지도읍
1287025300,3,1287000000,전남광주통합특별시 신안군 압해읍,압해읍
1287031000,3,1287000000,전남광주통합특별시 신안군 증도면,증도면
1287032000,3,1287000000,전남광주통합특별시 신안군 임자면,임자면
1287033000,3,1287000000,전남광주통합특별시 신안군 자은면,자은면
1287034000,3,1287000000,전남광주통합특별시 신안군 비금면,비금면
1287035000,3,1287000000,전남광주통합특별시 신안군 도초면,도초면
1287036000,3,1287000000,전남광주통합특별시 신안군 흑산면,흑산면
1287037000,3,1287000000,전남광주통합특별시 신안군 하의면,하의면
1287038000,3,1287000000,전남광주통합특별시 신안군 신의면,신의면
1287039000,3,1287000000,전남광주통합특별시 신안군 장산면,장산면
1287040000,3,1287000000,전남광주통합특별시 신안군 안좌면,안좌면
1287041000,3,1287000000,전남광주통합특별시 신안군 팔금면,팔금면
1287042000,3,1287000000,전남광주통합특별시 신안군 암태면,암태면
2600000000,1,,부산광역시,부산광역시
2611000000,2,2600000000,부산광역시 중구,중구
2611010100,3,2611000000,부산광역시 중구 영주동,영주동
2611010200,3,2611000000,부산광역시 중구 대창동1가,대창동1가
2611010300,3,2611000000,부산광역시 중구 대창동2가,대창동2가
2611010400,3,2611000000,부산광역시 중구 중앙동1가,중앙동1가
2611010500,3,2611000000,부산광역시 중구 중앙동2가,중앙동2가
2611010600,3,2611000000,부산광역시 중구 중앙동3가,중앙동3가
2611010700,3,2611000000,부산광역시 중구 중앙동4가,중앙동4가
2611010800,3,2611000000,부산광역시 중구 중앙동5가,중앙동5가
2611010900,3,2611000000,부산광역시 중구 중앙동6가,중앙동6가
2611011000,3,2611000000,부산광역시 중구 중앙동7가,중앙동7가
2611011100,3,2611000000,부산광역시 중구 동광동1가,동광동1가
2611011200,3,2611000000,부산광역시 중구 동광동2가,동광동2가
2611011300,3,2611000000,부산광역시 중구 동광동3가,동광동3가
2611011400,3,2611000000,부산광역시 중구 동광동4가,동광동4가
2611011500,3,2611000000,부산광역시 중구 동광동5가,동광동5가
2611011600,3,2611000000,부산광역시 중구 대청동1가,대청동1가
2611011700,3,2611000000,부산광역시 중구 대청동2가,대청동2가
2611011800,3,2611000000,부산광역시 중구 대청동3가,대청동3가
2611011900,3,2611000000,부산광역시 중구 대청동4가,대청동4가
2611012000,3,2611000000,부산광역시 중구 보수동1가,보수동1가
2611012100,3,2611000000,부산광역시 중구 보수동2가,보수동2가
2611012200,3,2611000000,부산광역시 중구 보수동3가,보수동3가
2611012300,3,2611000000,부산광역시 중구 부평동1가,부평동1가
2611012400,3,2611000000,부산광역시 중구 부평동2가,부평동2가
2611012500,3,2611000000,부산광역시 중구 부평동3가,부평동3가
2611012600,3,2611000000,부산광역시 중구 부평동4가,부평동4가
2611012700,3,2611000000,부산광역시 중구 신창동1가,신창동1가
2611012800,3,2611000000,부산광역시 중구 신창동2가,신창동2가
2611012900,3,2611000000,부산광역시 중구 신창동3가,신창동3가
2611013000,3,2611000000,부산광역시 중구 신창동4가,신창동4가
2611013100,3,2611000000,부산광역시 중구 창선동1가,창선동1가
2611013200,3,2611000000,부산광역시 중구 창선동2가,창선동2가
2611013300,3,2611000000,부산광역시 중구 광복동1가,광복동1가
2611013400,3,2611000000,부산광역시 중구 광복동2가,광복동2가
2611013500,3,2611000000,부산광역시 중구 광복동3가,광복동3가
2611013600,3,2611000000,부산광역시 중구 남포동1가,남포동1가
2611013700,3,2611000000,부산광역시 중구 남포동2가,남포동2가
2611013800,3,2611000000,부산광역시 중구 남포동3가,남포동3가
2611013900,3,2611000000,부산광역시 중구 남포동4가,남포동4가
2611014000,3,2611000000,부산광역시 중구 남포동5가,남포동5가
2611014100,3,2611000000,부산광역시 중구 남포동6가,남포동6가
2614000000,2,2600000000,부산광역시 서구,서구
2614010100,3,2614000000,부산광역시 서구 동대신동1가,동대신동1가
2614010200,3,2614000000,부산광역시 서구 동대신동2가,동대신동2가
2614010300,3,2614000000,부산광역시 서구 동대신동3가,동대신동3가
2614010400,3,2614000000,부산광역시 서구 서대신동1가,서대신동1가
2614010500,3,2614000000,부산광역시 서구 서대신동2가,서대신동2가
2614010600,3,2614000000,부산광역시 서구 서대신동3가,서대신동3가
2614010700,3,2614000000,부산광역시 서구 부용동1가,부용동1가
2614010800,3,2614000000,부산광역시 서구 부용동2가,부용동2가
2614010900,3,2614000000,부산광역시 서구 부민동1가,부민동1가
2614011000,3,2614000000,부산광역시 서구 부민동2가,부민동2가
2614011100,3,2614000000,부산광역시 서구 부민동3가,부민동3가
2614011200,3,2614000000,부산광역시 서구 토성동1가,토성동1가
2614011300,3,2614000000,부산광역시 서구 토성동2가,토성동2가
2614011400,3,2614000000,부산광역시 서구 토성동3가,토성동3가
2614011500,3,2614000000,부산광역시 서구 아미동1가,아미동1가
2614011600,3,2614000000,부산광역시 서구 아미동2가,아미동2가
2614011700,3,2614000000,부산광역시 서구 토성동4가,토성동4가
2614011800,3,2614000000,부산광역시 서구 토성동5가,토성동5가
2614011900,3,2614000000,부산광역시 서구 초장동,초장동
2614012000,3,2614000000,부산광역시 서구 충무동1가,충무동1가
2614012100,3,2614000000,부산광역시 서구 충무동2가,충무동2가
2614012200,3,2614000000,부산광역시 서구 충무동3가,충무동3가
2614012300,3,2614000000,부산광역시 서구 남부민동,남부민동
2614012400,3,2614000000,부산광역시 서구 암남동,암남동
2617000000,2,2600000000,부산광역시 동구,동구
2617010100,3,2617000000,부산광역시 동구 초량동,초량동
2617010200,3,2617000000,부산광역시 동구 수정동,수정동
2617010300,3,2617000000,부산광역시 동구 좌천동,좌천동
2617010400,3,2617000000,부산광역시 동구 범일동,범일동
2620000000,2,2600000000,부산광역시 영도구,영도구
2620010100,3,2620000000,부산광역시 영도구 대교동1가,대교동1가
2620010200,3,2620000000,부산광역시 영도구 대교동2가,대교동2가
2620010300,3,2620000000,부산광역시 영도구 대평동1가,대평동1가
2620010400,3,2620000000,부산광역시 영도구 대평동2가,대평동2가
2620010500,3,2620000000,부산광역시 영도구 남항동1가,남항동1가
2620010600,3,2620000000,부산광역시 영도구 남항동2가,남항동2가
2620010700,3,2620000000,부산광역시 영도구 남항동3가,남항동3가
2620010800,3,2620000000,부산광역시 영도구 영선동1가,영선동1가
2620010900,3,2620000000,부산광역시 영도구 영선동2가,영선동2가
2620011000,3,2620000000,부산광역시 영도구 영선동3가,영선동3가
2620011100,3,2620000000,부산광역시 영도구 영선동4가,영선동4가
2620011200,3,2620000000,부산광역시 영도구 신선동1가,신선동1가
2620011300,3,2620000000,부산광역시 영도구 신선동2가,신선동2가
2620011400,3,2620000000,부산광역시 영도구 신선동3가,신선동3가
2620011500,3,2620000000,부산광역시 영도구 봉래동1가,봉래동1가
2620011600,3,2620000000,부산광역시 영도구 봉래동2가,봉래동2가
2620011700,3,2620000000,부산광역시 영도구 봉래동3가,봉래동3가
2620011800,3,2620000000,부산광역시 영도구 봉래동4가,봉래동4가
2620011900,3,2620000000,부산광역시 영도구 봉래동5가,봉래동5가
2620012000,3,2620000000,부산광역시 영도구 청학동,청학동
2620012100,3,2620000000,부산광역시 영도구 동삼동,동삼동
2623000000,2,2600000000,부산광역시 부산진구,부산진구
2623010100,3,2623000000,부산광역시 부산진구 양정동,양정동
2623010200,3,2623000000,부산광역시 부산진구 전포동,전포동
2623010300,3,2623000000,부산광역시 부산진구 부전동,부전동
2623010400,3,2623000000,부산광역시 부산진구 범천동,범천동
2623010500,3,2623000000,부산광역시 부산진구 범전동,범전동
2623010600,3,2623000000,부산광역시 부산진구 연지동,연지동
2623010700,3,2623000000,부산광역시 부산진구 초읍동,초읍동
2623010800,3,2623000000,부산광역시 부산진구 부암동,부암동
2623010900,3,2623000000,부산광역시 부산진구 당감동,당감동
2623011000,3,2623000000,부산광역시 부산진구 가야동,가야동
2623011100,3,2623000000,부산광역시 부산진구 개금동,개금동
2626000000,2,2600000000,부산광역시 동래구,동래구
2626010100,3,2626000000,부산광역시 동래구 명장동,명장동
2626010200,3,2626000000,부산광역시 동래구 안락동,안락동
2626010300,3,2626000000,부산광역시 동래구 칠산동,칠산동
2626010400,3,2626000000,부산광역시 동래구 낙민동,낙민동
2626010500,3,2626000000,부산광역시 동래구 복천동,복천동
2626010600,3,2626000000,부산광역시 동래구 수안동,수안동
2626010700,3,2626000000,부산광역시 동래구 명륜동,명륜동
2626010800,3,2626000000,부산광역시 동래구 온천동,온천동
2626010900,3,2626000000,부산광역시 동래구 사직동,사직동
2629000000,2,2600000000,부산광역시 남구,남구
2629010600,3,2629000000,부산광역시 남구 대연동,대연동
2629010700,3,2629000000,부산광역시 남구 용호동,용호동
2629010800,3,2629000000,부산광역시 남구 용당동,용당동
2629010900,3,2629000000,부산광역시 남구 문현동,문현동
2629011000,3,2629000000,부산광역시 남구 우암동,우암동
2629011100,3,2629000000,부산광역시 남구 감만동,감만동
2632000000,2,2600000000,부산광역시 북구,북구
2632010100,3,2632000000,부산광역시 북구 금곡동,금곡동
2632010200,3,2632000000,부산광역시 북구 화명동,화명동
2632010300,3,2632000000,부산광역시 북구 만덕동,만덕동
2632010400,3,2632000000,부산광역시 북구 덕천동,덕천동
2632010500,3,2632000000,부산광역시 북구 구포동,구포동
2635000000,2,2600000000,부산광역시 해운대구,해운대구
2635010100,3,2635000000,부산광역시 해운대구 반송동,반송동
2635010200,3,2635000000,부산광역시 해운대구 석대동,석대동
2635010300,3,2635000000,부산광역시 해운대구 반여동,반여동
2635010400,3,2635000000,부산광역시 해운대구 재송동,재송동
2635010500,3,2635000000,부산광역시 해운대구 우동,우동
2635010600,3,2635000000,부산광역시 해운대구 중동,중동
2635010700,3,2635000000,부산광역시 해운대구 좌동,좌동
2635010800,3,2635000000,부산광역시 해운대구 송정동,송정동
2638000000,2,2600000000,부산광역시 사하구,사하구
2638010100,3,2638000000,부산광역시 사하구 괴정동,괴정동
2638010200,3,2638000000,부산광역시 사하구 당리동,당리동
2638010300,3,2638000000,부산광역시 사하구 하단동,하단동
2638010400,3,2638000000,부산광역시 사하구 신평동,신평동
2638010500,3,2638000000,부산광역시 사하구 장림동,장림동
2638010600,3,2638000000,부산광역시 사하구 다대동,다대동
2638010700,3,2638000000,부산광역시 사하구 구평동,구평동
2638010800,3,2638000000,부산광역시 사하구 감천동,감천동
2641000000,2,2600000000,부산광역시 금정구,금정구
2641010100,3,2641000000,부산광역시 금정구 두구동,두구동
2641010200,3,2641000000,부산광역시 금정구 노포동,노포동
2641010300,3,2641000000,부산광역시 금정구 청룡동,청룡동
2641010400,3,2641000000,부산광역시 금정구 남산동,남산동
2641010500,3,2641000000,부산광역시 금정구 선동,선동
2641010600,3,2641000000,부산광역시 금정구 오륜동,오륜동
2641010700,3,2641000000,부산광역시 금정구 구서동,구서동
2641010800,3,2641000000,부산광역시 금정구 장전동,장전동
2641010900,3,2641000000,부산광역시 금정구 부곡동,부곡동
2641011000,3,2641000000,부산광역시 금정구 서동,서동
2641011100,3,2641000000,부산광역시 금정구 금사동,금사동
2641011200,3,2641000000,부산광역시 금정구 회동동,회동동
2641011300,3,2641000000,부산광역시 금정구 금성동,금성동
2644000000,2,2600000000,부산광역시 강서구,강서구
2644010100,3,2644000000,부산광역시 강서구 대저1동,대저1동
2644010200,3,2644000000,부산광역시 강서구 대저2동,대저2동
2644010300,3,2644000000,부산광역시 강서구 강동동,강동동
2644010400,3,2644000000,부산광역시 강서구 명지동,명지동
2644010500,3,2644000000,부산광역시 강서구 죽림동,죽림동
2644010600,3,2644000000,부산광역시 강서구 식만동,식만동
2644010700,3,2644000000,부산광역시 강서구 죽동동,죽동동
2644010800,3,2644000000,부산광역시 강서구 봉림동,봉림동
2644010900,3,2644000000,부산광역시 강서구 송정동,송정동
2644011000,3,2644000000,부산광역시 강서구 화전동,화전동
2644011100,3,2644000000,부산광역시 강서구 녹산동,녹산동
2644011200,3,2644000000,부산광역시 강서구 생곡동,생곡동
2644011300,3,2644000000,부산광역시 강서구 구랑동,구랑동
2644011400,3,2644000000,부산광역시 강서구 지사동,지사동
2644011500,3,2644000000,부산광역시 강서구 미음동,미음동
2644011600,3,2644000000,부산광역시 강서구 범방동,범방동
2644011700,3,2644000000,부산광역시 강서구 신호동,신호동
2644011800,3,2644000000,부산광역시 강서구 동선동,동선동
2644011900,3,2644000000,부산광역시 강서구 성북동,성북동
2644012000,3,2644000000,부산광역시 강서구 눌차동,눌차동
2644012100,3,2644000000,부산광역시 강서구 천성동,천성동
2644012200,3,2644000000,부산광역시 강서구 대항동,대항동
2647000000,2,2600000000,부산광역시 연제구,연제구
2647010100,3,2647000000,부산광역시 연제구 거제동,거제동
2647010200,3,2647000000,부산광역시 연제구 연산동,연산동
2650000000,2,2600000000,부산광역시 수영구,수영구
2650010100,3,2650000000,부산광역시 수영구 망미동,망미동
2650010200,3,2650000000,부산광역시 수영구 수영동,수영동
2650010300,3,2650000000,부산광역시 수영구 민락동,민락동
2650010400,3,2650000000,부산광역시 수영구 광안동,광안동
2650010500,3,2650000000,부산광역시 수영구 남천동,남천동
2653000000,2,2600000000,부산광역시 사상구,사상구
2653010100,3,2653000000,부산광역시 사상구 삼락동,삼락동
2653010200,3,2653000000,부산광역시 사상구 모라동,모라동
2653010300,3,2653000000,부산광역시 사상구 덕포동,덕포동
2653010400,3,2653000000,부산광역시 사상구 괘법동,괘법동
2653010500,3,2653000000,부산광역시 사상구 감전동,감전동
2653010600,3,2653000000,부산광역시 사상구 주례동,주례동
2653010700,3,2653000000,부산광역시 사상구 학장동,학장동
2653010800,3,2653000000,부산광역시 사상구 엄궁동,엄궁동
2671000000,2,2600000000,부산광역시 기장군,기장군
2671025000,3,2671000000,부산광역시 기장군 기장읍,기장읍
2671025300,3,2671000000,부산광역시 기장군 장안읍,장안읍
2671025600,3,2671000000,부산광역시 기장군 정관읍,정관읍
2671025900,3,2671000000,부산광역시 기장군 일광읍,일광읍
2671033000,3,2671000000,부산광역시 기장군 철마면,철마면
2700000000,1,,대구광역시,대구광역시
2711000000,2,2700000000,대구광역시 중구,중구
2711010100,3,2711000000,대구광역시 중구 동인동1가,동인동1가
2711010200,3,2711000000,대구광역시 중구 동인동2가,동인동2가
2711010300,3,2711000000,대구광역시 중구 동인동3가,동인동3가
2711010400,3,2711000000,대구광역시 중구 동인동4가,동인동4가
2711010500,3,2711000000,대구광역시 중구 삼덕동1가,삼덕동1가
2711010600,3,2711000000,대구광역시 중구 삼덕동2가,삼덕동2가
2711010700,3,2711000000,대구광역시 중구 삼덕동3가,삼덕동3가
2711010800,3,2711000000,대구광역시 중구 봉산동,봉산동
2711010900,3,2711000000,대구광역시 중구 장관동,장관동
2711011000,3,2711000000,대구광역시 중구 상서동,상서동
2711011100,3,2711000000,대구광역시 중구 수동,수동
2711011200,3,2711000000,대구광역시 중구 덕산동,덕산동
2711011300,3,2711000000,대구광역시 중구 종로1가,종로1가
2711011400,3,2711000000,대구광역시 중구 종로2가,종로2가
2711011500,3,2711000000,대구광역시 중구 사일동,사일동
2711011600,3,2711000000,대구광역시 중구 동일동,동일동
2711011700,3,2711000000,대구광역시 중구 남일동,남일동
2711011800,3,2711000000,대구광역시 중구 전동,전동
2711011900,3,2711000000,대구광역시 중구 동성로3가,동성로3가
2711012000,3,2711000000,대구광역시 중구 동문동,동문동
2711012100,3,2711000000,대구광역시 중구 문화동,문화동
2711012200,3,2711000000,대구광역시 중구 공평동,공평동
2711012300,3,2711000000,대구광역시 중구 동성로2가,동성로2가
2711012400,3,2711000000,대구광역시 중구 태평로1가,태평로1가
2711012500,3,2711000000,대구광역시 중구 교동,교동
2711012600,3,2711000000,대구광역시 중구 용덕동,용덕동
2711012700,3,2711000000,대구광역시 중구 상덕동,상덕동
2711012800,3,2711000000,대구광역시 중구 완전동,완전동
2711012900,3,2711000000,대구광역시 중구 도원동,도원동
2711013000,3,2711000000,대구광역시 중구 수창동,수창동
2711013100,3,2711000000,대구광역시 중구 태평로3가,태평로3가
2711013200,3,2711000000,대구광역시 중구 인교동,인교동
2711013300,3,2711000000,대구광역시 중구 서야동,서야동
2711013400,3,2711000000,대구광역시 중구 서성로1가,서성로1가
2711013500,3,2711000000,대구광역시 중구 시장북로,시장북로
2711013600,3,2711000000,대구광역시 중구 하서동,하서동
2711013700,3,2711000000,대구광역시 중구 남성로,남성로
2711013800,3,2711000000,대구광역시 중구 계산동1가,계산동1가
2711013900,3,2711000000,대구광역시 중구 계산동2가,계산동2가
2711014000,3,2711000000,대구광역시 중구 동산동,동산동
2711014100,3,2711000000,대구광역시 중구 서문로2가,서문로2가
2711014200,3,2711000000,대구광역시 중구 서성로2가,서성로2가
2711014300,3,2711000000,대구광역시 중구 포정동,포정동
2711014400,3,2711000000,대구광역시 중구 서문로1가,서문로1가
2711014500,3,2711000000,대구광역시 중구 서내동,서내동
2711014600,3,2711000000,대구광역시 중구 북성로2가,북성로2가
2711014700,3,2711000000,대구광역시 중구 대안동,대안동
2711014800,3,2711000000,대구광역시 중구 동성로1가,동성로1가
2711014900,3,2711000000,대구광역시 중구 태평로2가,태평로2가
2711015000,3,2711000000,대구광역시 중구 북성로1가,북성로1가
2711015100,3,2711000000,대구광역시 중구 화전동,화전동
2711015200,3,2711000000,대구광역시 중구 향촌동,향촌동
2711015300,3,2711000000,대구광역시 중구 북내동,북내동
2711015400,3,2711000000,대구광역시 중구 대신동,대신동
2711015500,3,2711000000,대구광역시 중구 달성동,달성동
2711015600,3,2711000000,대구광역시 중구 남산동,남산동
2711015700,3,2711000000,대구광역시 중구 대봉동,대봉동
2714000000,2,2700000000,대구광역시 동구,동구
2714010100,3,2714000000,대구광역시 동구 신암동,신암동
2714010200,3,2714000000,대구광역시 동구 신천동,신천동
2714010300,3,2714000000,대구광역시 동구 효목동,효목동
2714010400,3,2714000000,대구광역시 동구 평광동,평광동
2714010500,3,2714000000,대구광역시 동구 봉무동,봉무동
2714010600,3,2714000000,대구광역시 동구 불로동,불로동
2714010700,3,2714000000,대구광역시 동구 도동,도동
2714010800,3,2714000000,대구광역시 동구 지저동,지저동
2714010900,3,2714000000,대구광역시 동구 입석동,입석동
2714011000,3,2714000000,대구광역시 동구 검사동,검사동
2714011100,3,2714000000,대구광역시 동구 방촌동,방촌동
2714011200,3,2714000000,대구광역시 동구 둔산동,둔산동
2714011300,3,2714000000,대구광역시 동구 부동,부동
2714011400,3,2714000000,대구광역시 동구 신평동,신평동
2714011500,3,2714000000,대구광역시 동구 서호동,서호동
2714011600,3,2714000000,대구광역시 동구 동호동,동호동
2714011700,3,2714000000,대구광역시 동구 신기동,신기동
2714011800,3,2714000000,대구광역시 동구 율하동,율하동
2714011900,3,2714000000,대구광역시 동구 용계동,용계동
2714012000,3,2714000000,대구광역시 동구 율암동,율암동
2714012100,3,2714000000,대구광역시 동구 상매동,상매동
2714012200,3,2714000000,대구광역시 동구 매여동,매여동
2714012300,3,2714000000,대구광역시 동구 각산동,각산동
2714012400,3,2714000000,대구광역시 동구 신서동,신서동
2714012500,3,2714000000,대구광역시 동구 동내동,동내동
2714012600,3,2714000000,대구광역시 동구 괴전동,괴전동
2714012700,3,2714000000,대구광역시 동구 금강동,금강동
2714012800,3,2714000000,대구광역시 동구 대림동,대림동
2714012900,3,2714000000,대구광역시 동구 사복동,사복동
2714013000,3,2714000000,대구광역시 동구 숙천동,숙천동
2714013100,3,2714000000,대구광역시 동구 내곡동,내곡동
2714013200,3,2714000000,대구광역시 동구 능성동,능성동
2714013300,3,2714000000,대구광역시 동구 진인동,진인동
2714013400,3,2714000000,대구광역시 동구 도학동,도학동
2714013500,3,2714000000,대구광역시 동구 백안동,백안동
2714013600,3,2714000000,대구광역시 동구 미곡동,미곡동
2714013700,3,2714000000,대구광역시 동구 용수동,용수동
2714013800,3,2714000000,대구광역시 동구 신무동,신무동
2714013900,3,2714000000,대구광역시 동구 미대동,미대동
2714014000,3,2714000000,대구광역시 동구 내동,내동
2714014100,3,2714000000,대구광역시 동구 신용동,신용동
2714014200,3,2714000000,대구광역시 동구 중대동,중대동
2714014300,3,2714000000,대구광역시 동구 송정동,송정동
2714014400,3,2714000000,대구광역시 동구 덕곡동,덕곡동
2714014500,3,2714000000,대구광역시 동구 지묘동,지묘동
2717000000,2,2700000000,대구광역시 서구,서구
2717010100,3,2717000000,대구광역시 서구 내당동,내당동
2717010200,3,2717000000,대구광역시 서구 비산동,비산동
2717010300,3,2717000000,대구광역시 서구 평리동,평리동
2717010400,3,2717000000,대구광역시 서구 상리동,상리동
2717010500,3,2717000000,대구광역시 서구 중리동,중리동
2717010600,3,2717000000,대구광역시 서구 이현동,이현동
2717010700,3,2717000000,대구광역시 서구 원대동1가,원대동1가
2717010800,3,2717000000,대구광역시 서구 원대동2가,원대동2가
2717010900,3,2717000000,대구광역시 서구 원대동3가,원대동3가
2720000000,2,2700000000,대구광역시 남구,남구
2720010100,3,2720000000,대구광역시 남구 이천동,이천동
2720010200,3,2720000000,대구광역시 남구 봉덕동,봉덕동
2720010300,3,2720000000,대구광역시 남구 대명동,대명동
2723000000,2,2700000000,대구광역시 북구,북구
2723010100,3,2723000000,대구광역시 북구 칠성동1가,칠성동1가
2723010200,3,2723000000,대구광역시 북구 칠성동2가,칠성동2가
2723010300,3,2723000000,대구광역시 북구 고성동1가,고성동1가
2723010400,3,2723000000,대구광역시 북구 고성동2가,고성동2가
2723010500,3,2723000000,대구광역시 북구 고성동3가,고성동3가
2723010600,3,2723000000,대구광역시 북구 침산동,침산동
2723010700,3,2723000000,대구광역시 북구 노원동1가,노원동1가
2723010800,3,2723000000,대구광역시 북구 노원동2가,노원동2가
2723010900,3,2723000000,대구광역시 북구 노원동3가,노원동3가
2723011000,3,2723000000,대구광역시 북구 대현동,대현동
2723011100,3,2723000000,대구광역시 북구 산격동,산격동
2723011200,3,2723000000,대구광역시 북구 복현동,복현동
2723011300,3,2723000000,대구광역시 북구 검단동,검단동
2723011400,3,2723000000,대구광역시 북구 동변동,동변동
2723011500,3,2723000000,대구광역시 북구 서변동,서변동
2723011600,3,2723000000,대구광역시 북구 조야동,조야동
2723011700,3,2723000000,대구광역시 북구 노곡동,노곡동
2723011800,3,2723000000,대구광역시 북구 읍내동,읍내동
2723011900,3,2723000000,대구광역시 북구 동호동,동호동
2723012000,3,2723000000,대구광역시 북구 학정동,학정동
2723012100,3,2723000000,대구광역시 북구 도남동,도남동
2723012200,3,2723000000,대구광역시 북구 국우동,국우동
2723012300,3,2723000000,대구광역시 북구 구암동,구암동
2723012400,3,2723000000,대구광역시 북구 동천동,동천동
2723012500,3,2723000000,대구광역시 북구 관음동,관음동
2723012600,3,2723000000,대구광역시 북구 태전동,태전동
2723012700,3,2723000000,대구광역시 북구 매천동,매천동
2723012800,3,2723000000,대구광역시 북구 팔달동,팔달동
2723012900,3,2723000000,대구광역시 북구 금호동,금호동
2723013000,3,2723000000,대구광역시 북구 사수동,사수동
2723013100,3,2723000000,대구광역시 북구 연경동,연경동
2726000000,2,2700000000,대구광역시 수성구,수성구
2726010100,3,2726000000,대구광역시 수성구 범어동,범어동
2726010200,3,2726000000,대구광역시 수성구 만촌동,만촌동
2726010300,3,2726000000,대구광역시 수성구 수성동1가,수성동1가
2726010400,3,2726000000,대구광역시 수성구 수성동2가,수성동2가
2726010500,3,2726000000,대구광역시 수성구 수성동3가,수성동3가
2726010600,3,2726000000,대구광역시 수성구 수성동4가,수성동4가
2726010700,3,2726000000,대구광역시 수성구 황금동,황금동
2726010800,3,2726000000,대구광역시 수성구 중동,중동
2726010900,3,2726000000,대구광역시 수성구 상동,상동
2726011000,3,2726000000,대구광역시 수성구 파동,파동
2726011100,3,2726000000,대구광역시 수성구 두산동,두산동
2726011200,3,2726000000,대구광역시 수성구 지산동,지산동
2726011300,3,2726000000,대구광역시 수성구 범물동,범물동
2726011400,3,2726000000,대구광역시 수성구 시지동,시지동
2726011500,3,2726000000,대구광역시 수성구 매호동,매호동
2726011600,3,2726000000,대구광역시 수성구 성동,성동
2726011700,3,2726000000,대구광역시 수성구 사월동,사월동
2726011800,3,2726000000,대구광역시 수성구 신매동,신매동
2726011900,3,2726000000,대구광역시 수성구 욱수동,욱수동
2726012000,3,2726000000,대구광역시 수성구 노변동,노변동
2726012200,3,2726000000,대구광역시 수성구 삼덕동,삼덕동
2726012300,3,2726000000,대구광역시 수성구 연호동,연호동
2726012400,3,2726000000,대구광역시 수성구 이천동,이천동
2726012500,3,2726000000,대구광역시 수성구 고모동,고모동
2726012600,3,2726000000,대구광역시 수성구 가천동,가천동
2726012700,3,2726000000,대구광역시 수성구 대흥동,대흥동
2729000000,2,2700000000,대구광역시 달서구,달서구
2729010100,3,2729000000,대구광역시 달서구 성당동,성당동
2729010200,3,2729000000,대구광역시 달서구 두류동,두류동
2729010400,3,2729000000,대구광역시 달서구 파호동,파호동
2729010500,3,2729000000,대구광역시 달서구 호림동,호림동
2729010600,3,2729000000,대구광역시 달서구 갈산동,갈산동
2729010700,3,2729000000,대구광역시 달서구 신당동,신당동
2729010800,3,2729000000,대구광역시 달서구 이곡동,이곡동
2729010900,3,2729000000,대구광역시 달서구 장동,장동
2729011000,3,2729000000,대구광역시 달서구 장기동,장기동
2729011100,3,2729000000,대구광역시 달서구 용산동,용산동
2729011200,3,2729000000,대구광역시 달서구 죽전동,죽전동
2729011300,3,2729000000,대구광역시 달서구 감삼동,감삼동
2729011400,3,2729000000,대구광역시 달서구 본리동,본리동
2729011500,3,2729000000,대구광역시 달서구 상인동,상인동
2729011600,3,2729000000,대구광역시 달서구 도원동,도원동
2729011700,3,2729000000,대구광역시 달서구 진천동,진천동
2729011800,3,2729000000,대구광역시 달서구 유천동,유천동
2729011900,3,2729000000,대구광역시 달서구 대천동,대천동
2729012000,3,2729000000,대구광역시 달서구 월성동,월성동
2729012100,3,2729000000,대구광역시 달서구 월암동,월암동
2729012200,3,2729000000,대구광역시 달서구 송현동,송현동
2729012300,3,2729000000,대구광역시 달서구 대곡동,대곡동
2729012400,3,2729000000,대구광역시 달서구 본동,본동
2729012500,3,2729000000,대구광역시 달서구 호산동,호산동
2771000000,2,2700000000,대구광역시 달성군,달성군
2771025000,3,2771000000,대구광역시 달성군 화원읍,화원읍
2771025300,3,2771000000,대구광역시 달성군 논공읍,논공읍
2771025600,3,2771000000,대구광역시 달성군 다사읍,다사읍
2771025900,3,2771000000,대구광역시 달성군 유가읍,유가읍
2771026200,3,2771000000,대구광역시 달성군 옥포읍,옥포읍
2771026500,3,2771000000,대구광역시 달성군 현풍읍,현풍읍
2771031000,3,2771000000,대구광역시 달성군 가창면,가창면
2771033000,3,2771000000,대구광역시 달성군 하빈면,하빈면
2771038000,3,2771000000,대구광역시 달성군 구지면,구지면
2772000000,2,2700000000,대구광역시 군위군,군위군
2772025000,3,2772000000,대구광역시 군위군 군위읍,군위읍
2772031000,3,2772000000,대구광역시 군위군 소보면,소보면
2772032000,3,2772000000,대구광역시 군위군 효령면,효령면
2772033000,3,2772000000,대구광역시 군위군 부계면,부계면
2772034000,3,2772000000,대구광역시 군위군 우보면,우보면
2772035000,3,2772000000,대구광역시 군위군 의흥면,의흥면
2772036000,3,2772000000,대구광역시 군위군 산성면,산성면
2772037000,3,2772000000,대구광역시 군위군 삼국유사면,삼국유사면
2800000000,1,,인천광역시,인천광역시
2812500000,2,2800000000,인천광역시 제물포구,제물포구
2812510100,3,2812500000,인천광역시 제물포구 만석동,만석동
2812510200,3,2812500000,인천광역시 제물포구 화수동,화수동
2812510300,3,2812500000,인천광역시 제물포구 송현동,송현동
2812510400,3,2812500000,인천광역시 제물포구 화평동,화평동
2812510500,3,2812500000,인천광역시 제물포구 창영동,창영동
2812510600,3,2812500000,인천광역시 제물포구 금곡동,금곡동
2812510700,3,2812500000,인천광역시 제물포구 송림동,송림동
2812510800,3,2812500000,인천광역시 제물포구 중앙동1가,중앙동1가
2812510900,3,2812500000,인천광역시 제물포구 중앙동2가,중앙동2가
2812511000,3,2812500000,인천광역시 제물포구 중앙동3가,중앙동3가
2812511100,3,2812500000,인천광역시 제물포구 중앙동4가,중앙동4가
2812511200,3,2812500000,인천광역시 제물포구 해안동1가,해안동1가
2812511300,3,2812500000,인천광역시 제물포구 해안동2가,해안동2가
2812511400,3,2812500000,인천광역시 제물포구 해안동3가,해안동3가
2812511500,3,2812500000,인천광역시 제물포구 해안동4가,해안동4가
2812511600,3,2812500000,인천광역시 제물포구 관동1가,관동1가
2812511700,3,2812500000,인천광역시 제물포구 관동2가,관동2가
2812511800,3,2812500000,인천광역시 제물포구 관동3가,관동3가
2812511900,3,2812500000,인천광역시 제물포구 항동1가,항동1가
2812512000,3,2812500000,인천광역시 제물포구 항동2가,항동2가
2812512100,3,2812500000,인천광역시 제물포구 항동3가,항동3가
2812512200,3,2812500000,인천광역시 제물포구 항동4가,항동4가
2812512300,3,2812500000,인천광역시 제물포구 항동5가,항동5가
2812512400,3,2812500000,인천광역시 제물포구 항동6가,항동6가
2812512500,3,2812500000,인천광역시 제물포구 항동7가,항동7가
2812512600,3,2812500000,인천광역시 제물포구 송학동1가,송학동1가
2812512700,3,2812500000,인천광역시 제물포구 송학동2가,송학동2가
2812512800,3,2812500000,인천광역시 제물포구 송학동3가,송학동3가
2812512900,3,2812500000,인천광역시 제물포구 사동,사동
2812513000,3,2812500000,인천광역시 제물포구 신생동,신생동
2812513100,3,2812500000,인천광역시 제물포구 신포동,신포동
2812513200,3,2812500000,인천광역시 제물포구 답동,답동
2812513300,3,2812500000,인천광역시 제물포구 신흥동1가,신흥동1가
2812513400,3,2812500000,인천광역시 제물포구 신흥동2가,신흥동2가
2812513500,3,2812500000,인천광역시 제물포구 신흥동3가,신흥동3가
2812513600,3,2812500000,인천광역시 제물포구 선화동,선화동
2812513700,3,2812500000,인천광역시 제물포구 유동,유동
2812513800,3,2812500000,인천광역시 제물포구 율목동,율목동
2812513900,3,2812500000,인천광역시 제물포구 도원동,도원동
2812514000,3,2812500000,인천광역시 제물포구 내동,내동
2812514100,3,2812500000,인천광역시 제물포구 경동,경동
2812514200,3,2812500000,인천광역시 제물포구 용동,용동
2812514300,3,2812500000,인천광역시 제물포구 인현동,인현동
2812514400,3,2812500000,인천광역시 제물포구 전동,전동
2812514500,3,2812500000,인천광역시 제물포구 북성동1가,북성동1가
2812514600,3,2812500000,인천광역시 제물포구 북성동2가,북성동2가
2812514700,3,2812500000,인천광역시 제물포구 북성동3가,북성동3가
2812514800,3,2812500000,인천광역시 제물포구 선린동,선린동
2812514900,3,2812500000,인천광역시 제물포구 송월동1가,송월동1가
2812515000,3,2812500000,인천광역시 제물포구 송월동2가,송월동2가
2812515100,3,2812500000,인천광역시 제물포구 송월동3가,송월동3가
2815500000,2,2800000000,인천광역시 영종구,영종구
2815510100,3,2815500000,인천광역시 영종구 중산동,중산동
2815510200,3,2815500000,인천광역시 영종구 운남동,운남동
2815510300,3,2815500000,인천광역시 영종구 운서동,운서동
2815510400,3,2815500000,인천광역시 영종구 운북동,운북동
2815510500,3,2815500000,인천광역시 영종구 을왕동,을왕동
2815510600,3,2815500000,인천광역시 영종구 남북동,남북동
2815510700,3,2815500000,인천광역시 영종구 덕교동,덕교동
2815510800,3,2815500000,인천광역시 영종구 무의동,무의동
2817700000,2,2800000000,인천광역시 미추홀구,미추홀구
2817710100,3,2817700000,인천광역시 미추홀구 숭의동,숭의동
2817710200,3,2817700000,인천광역시 미추홀구 용현동,용현동
2817710300,3,2817700000,인천광역시 미추홀구 학익동,학익동
2817710400,3,2817700000,인천광역시 미추홀구 도화동,도화동
2817710500,3,2817700000,인천광역시 미추홀구 주안동,주안동
2817710600,3,2817700000,인천광역시 미추홀구 관교동,관교동
2817710700,3,2817700000,인천광역시 미추홀구 문학동,문학동
2818500000,2,2800000000,인천광역시 연수구,연수구
2818510100,3,2818500000,인천광역시 연수구 옥련동,옥련동
2818510200,3,2818500000,인천광역시 연수구 선학동,선학동
2818510300,3,2818500000,인천광역시 연수구 연수동,연수동
2818510400,3,2818500000,인천광역시 연수구 청학동,청학동
2818510500,3,2818500000,인천광역시 연수구 동춘동,동춘동
2818510600,3,2818500000,인천광역시 연수구 송도동,송도동
2820000000,2,2800000000,인천광역시 남동구,남동구
2820010100,3,2820000000,인천광역시 남동구 구월동,구월동
2820010200,3,2820000000,인천광역시 남동구 간석동,간석동
2820010300,3,2820000000,인천광역시 남동구 만수동,만수동
2820010400,3,2820000000,인천광역시 남동구 장수동,장수동
2820010500,3,2820000000,인천광역시 남동구 서창동,서창동
2820010600,3,2820000000,인천광역시 남동구 운연동,운연동
2820010700,3,2820000000,인천광역시 남동구 남촌동,남촌동
2820010800,3,2820000000,인천광역시 남동구 수산동,수산동
2820010900,3,2820000000,인천광역시 남동구 도림동,도림동
2820011000,3,2820000000,인천광역시 남동구 논현동,논현동
2820011100,3,2820000000,인천광역시 남동구 고잔동,고잔동
2823700000,2,2800000000,인천광역시 부평구,부평구
2823710100,3,2823700000,인천광역시 부평구 부평동,부평동
2823710200,3,2823700000,인천광역시 부평구 십정동,십정동
2823710300,3,2823700000,인천광역시 부평구 산곡동,산곡동
2823710400,3,2823700000,인천광역시 부평구 청천동,청천동
2823710500,3,2823700000,인천광역시 부평구 삼산동,삼산동
2823710600,3,2823700000,인천광역시 부평구 갈산동,갈산동
2823710700,3,2823700000,인천광역시 부평구 부개동,부개동
2823710800,3,2823700000,인천광역시 부평구 일신동,일신동
2823710900,3,2823700000,인천광역시 부평구 구산동,구산동
2824500000,2,2800000000,인천광역시 계양구,계양구
2824510100,3,2824500000,인천광역시 계양구 효성동,효성동
2824510200,3,2824500000,인천광역시 계양구 계산동,계산동
2824510300,3,2824500000,인천광역시 계양구 작전동,작전동
2824510400,3,2824500000,인천광역시 계양구 서운동,서운동
2824510500,3,2824500000,인천광역시 계양구 임학동,임학동
2824510600,3,2824500000,인천광역시 계양구 용종동,용종동
2824510700,3,2824500000,인천광역시 계양구 병방동,병방동
2824510800,3,2824500000,인천광역시 계양구 방축동,방축동
2824510900,3,2824500000,인천광역시 계양구 박촌동,박촌동
2824511000,3,2824500000,인천광역시 계양구 동양동,동양동
2824511100,3,2824500000,인천광역시 계양구 귤현동,귤현동
2824511200,3,2824500000,인천광역시 계양구 상야동,상야동
2824511300,3,2824500000,인천광역시 계양구 하야동,하야동
2824511400,3,2824500000,인천광역시 계양구 평동,평동
2824511500,3,2824500000,인천광역시 계양구 노오지동,노오지동
2824511600,3,2824500000,인천광역시 계양구 선주지동,선주지동
2824511700,3,2824500000,인천광역시 계양구 이화동,이화동
2824511800,3,2824500000,인천광역시 계양구 오류동,오류동
2824511900,3,2824500000,인천광역시 계양구 갈현동,갈현동
2824512000,3,2824500000,인천광역시 계양구 둑실동,둑실동
2824512100,3,2824500000,인천광역시 계양구 목상동,목상동
2824512200,3,2824500000,인천광역시 계양구 다남동,다남동
2824512300,3,2824500000,인천광역시 계양구 장기동,장기동
2827500000,2,2800000000,인천광역시 서해구,서해구
2827510100,3,2827500000,인천광역시 서해구 검암동,검암동
2827510200,3,2827500000,인천광역시 서해구 경서동,경서동
2827510300,3,2827500000,인천광역시 서해구 공촌동,공촌동
2827510400,3,2827500000,인천광역시 서해구 연희동,연희동
2827510500,3,2827500000,인천광역시 서해구 심곡동,심곡동
2827510600,3,2827500000,인천광역시 서해구 가정동,가정동
2827510700,3,2827500000,인천광역시 서해구 신현동,신현동
2827510800,3,2827500000,인천광역시 서해구 석남동,석남동
2827510900,3,2827500000,인천광역시 서해구 원창동,원창동
2827511000,3,2827500000,인천광역시 서해구 가좌동,가좌동
2827511100,3,2827500000,인천광역시 서해구 청라동,청라동
2829000000,2,2800000000,인천광역시 검단구,검단구
2829010100,3,2829000000,인천광역시 검단구 백석동,백석동
2829010200,3,2829000000,인천광역시 검단구 시천동,시천동
2829010300,3,2829000000,인천광역시 검단구 마전동,마전동
2829010400,3,2829000000,인천광역시 검단구 당하동,당하동
2829010500,3,2829000000,인천광역시 검단구 원당동,원당동
2829010600,3,2829000000,인천광역시 검단구 대곡동,대곡동
2829010700,3,2829000000,인천광역시 검단구 금곡동,금곡동
2829010800,3,2829000000,인천광역시 검단구 오류동,오류동
2829010900,3,2829000000,인천광역시 검단구 왕길동,왕길동
2829011000,3,2829000000,인천광역시 검단구 불로동,불로동
2871000000,2,2800000000,인천광역시 강화군,강화군
2871025000,3,2871000000,인천광역시 강화군 강화읍,강화읍
2871031000,3,2871000000,인천광역시 강화군 선원면,선원면
2871032000,3,2871000000,인천광역시 강화군 불은면,불은면
2871033000,3,2871000000,인천광역시 강화군 길상면,길상면
2871034000,3,2871000000,인천광역시 강화군 화도면,화도면
2871035000,3,2871000000,인천광역시 강화군 양도면,양도면
2871036000,3,2871000000,인천광역시 강화군 내가면,내가면
2871037000,3,2871000000,인천광역시 강화군 하점면,하점면
2871038000,3,2871000000,인천광역시 강화군 양사면,양사면
2871039000,3,2871000000,인천광역시 강화군 송해면,송해면
2871040000,3,2871000000,인천광역시 강화군 교동면,교동면
2871041000,3,2871000000,인천광역시 강화군 삼산면,삼산면
2871042000,3,2871000000,인천광역시 강화군 서도면,서도면
2872000000,2,2800000000,인천광역시 옹진군,옹진군
2872031000,3,2872000000,인천광역시 옹진군 북도면,북도면
2872033000,3,2872000000,인천광역시 옹진군 백령면,백령면
2872034000,3,2872000000,인천광역시 옹진군 대청면,대청면
2872035000,3,2872000000,인천광역시 옹진군 덕적면,덕적면
2872036000,3,2872000000,인천광역시 옹진군 영흥면,영흥면
2872037000,3,2872000000,인천광역시 옹진군 자월면,자월면
2872038000,3,2872000000,인천광역시 옹진군 연평면,연평면
3000000000,1,,대전광역시,대전광역시
3011000000,2,3000000000,대전광역시 동구,동구
3011010100,3,3011000000,대전광역시 동구 원동,원동
3011010200,3,3011000000,대전광역시 동구 인동,인동
3011010300,3,3011000000,대전광역시 동구 효동,효동
3011010400,3,3011000000,대전광역시 동구 천동,천동
3011010500,3,3011000000,대전광역시 동구 가오동,가오동
3011010600,3,3011000000,대전광역시 동구 신흥동,신흥동
3011010700,3,3011000000,대전광역시 동구 판암동,판암동
3011010800,3,3011000000,대전광역시 동구 삼정동,삼정동
3011010900,3,3011000000,대전광역시 동구 용운동,용운동
3011011000,3,3011000000,대전광역시 동구 대동,대동
3011011100,3,3011000000,대전광역시 동구 자양동,자양동
3011011200,3,3011000000,대전광역시 동구 신안동,신안동
3011011300,3,3011000000,대전광역시 동구 소제동,소제동
3011011400,3,3011000000,대전광역시 동구 가양동,가양동
3011011500,3,3011000000,대전광역시 동구 용전동,용전동
3011011600,3,3011000000,대전광역시 동구 성남동,성남동
3011011700,3,3011000000,대전광역시 동구 홍도동,홍도동
3011011800,3,3011000000,대전광역시 동구 삼성동,삼성동
3011011900,3,3011000000,대전광역시 동구 정동,정동
3011012000,3,3011000000,대전광역시 동구 중동,중동
3011012100,3,3011000000,대전광역시 동구 추동,추동
3011012200,3,3011000000,대전광역시 동구 비룡동,비룡동
3011012300,3,3011000000,대전광역시 동구 주산동,주산동
3011012400,3,3011000000,대전광역시 동구 용계동,용계동
3011012500,3,3011000000,대전광역시 동구 마산동,마산동
3011012600,3,3011000000,대전광역시 동구 효평동,효평동
3011012700,3,3011000000,대전광역시 동구 직동,직동
3011012800,3,3011000000,대전광역시 동구 세천동,세천동
3011012900,3,3011000000,대전광역시 동구 신상동,신상동
3011013000,3,3011000000,대전광역시 동구 신하동,신하동
3011013100,3,3011000000,대전광역시 동구 신촌동,신촌동
3011013200,3,3011000000,대전광역시 동구 사성동,사성동
3011013300,3,3011000000,대전광역시 동구 내탑동,내탑동
3011013400,3,3011000000,대전광역시 동구 오동,오동
3011013500,3,3011000000,대전광역시 동구 주촌동,주촌동
3011013600,3,3011000000,대전광역시 동구 낭월동,낭월동
3011013700,3,3011000000,대전광역시 동구 대별동,대별동
3011013800,3,3011000000,대전광역시 동구 이사동,이사동
3011013900,3,3011000000,대전광역시 동구 대성동,대성동
3011014000,3,3011000000,대전광역시 동구 장척동,장척동
3011014100,3,3011000000,대전광역시 동구 소호동,소호동
3011014200,3,3011000000,대전광역시 동구 구도동,구도동
3011014300,3,3011000000,대전광역시 동구 삼괴동,삼괴동
3011014400,3,3011000000,대전광역시 동구 상소동,상소동
3011014500,3,3011000000,대전광역시 동구 하소동,하소동
3014000000,2,3000000000,대전광역시 중구,중구
3014010100,3,3014000000,대전광역시 중구 은행동,은행동
3014010200,3,3014000000,대전광역시 중구 선화동,선화동
3014010300,3,3014000000,대전광역시 중구 목동,목동
3014010400,3,3014000000,대전광역시 중구 중촌동,중촌동
3014010500,3,3014000000,대전광역시 중구 대흥동,대흥동
3014010600,3,3014000000,대전광역시 중구 문창동,문창동
3014010700,3,3014000000,대전광역시 중구 석교동,석교동
3014010800,3,3014000000,대전광역시 중구 호동,호동
3014010900,3,3014000000,대전광역시 중구 옥계동,옥계동
3014011000,3,3014000000,대전광역시 중구 대사동,대사동
3014011100,3,3014000000,대전광역시 중구 부사동,부사동
3014011200,3,3014000000,대전광역시 중구 용두동,용두동
3014011300,3,3014000000,대전광역시 중구 오류동,오류동
3014011400,3,3014000000,대전광역시 중구 태평동,태평동
3014011500,3,3014000000,대전광역시 중구 유천동,유천동
3014011600,3,3014000000,대전광역시 중구 문화동,문화동
3014011700,3,3014000000,대전광역시 중구 산성동,산성동
3014011800,3,3014000000,대전광역시 중구 사정동,사정동
3014011900,3,3014000000,대전광역시 중구 안영동,안영동
3014012000,3,3014000000,대전광역시 중구 무수동,무수동
3014012100,3,3014000000,대전광역시 중구 구완동,구완동
3014012200,3,3014000000,대전광역시 중구 침산동,침산동
3014012300,3,3014000000,대전광역시 중구 목달동,목달동
3014012400,3,3014000000,대전광역시 중구 정생동,정생동
3014012500,3,3014000000,대전광역시 중구 어남동,어남동
3014012600,3,3014000000,대전광역시 중구 금동,금동
3017000000,2,3000000000,대전광역시 서구,서구
3017010100,3,3017000000,대전광역시 서구 복수동,복수동
3017010200,3,3017000000,대전광역시 서구 변동,변동
3017010300,3,3017000000,대전광역시 서구 도마동,도마동
3017010400,3,3017000000,대전광역시 서구 정림동,정림동
3017010500,3,3017000000,대전광역시 서구 용문동,용문동
3017010600,3,3017000000,대전광역시 서구 탄방동,탄방동
3017010800,3,3017000000,대전광역시 서구 괴정동,괴정동
3017010900,3,3017000000,대전광역시 서구 가장동,가장동
3017011000,3,3017000000,대전광역시 서구 내동,내동
3017011100,3,3017000000,대전광역시 서구 갈마동,갈마동
3017011200,3,3017000000,대전광역시 서구 둔산동,둔산동
3017011300,3,3017000000,대전광역시 서구 월평동,월평동
3017011400,3,3017000000,대전광역시 서구 가수원동,가수원동
3017011500,3,3017000000,대전광역시 서구 도안동,도안동
3017011600,3,3017000000,대전광역시 서구 관저동,관저동
3017011700,3,3017000000,대전광역시 서구 흑석동,흑석동
3017011800,3,3017000000,대전광역시 서구 매노동,매노동
3017011900,3,3017000000,대전광역시 서구 산직동,산직동
3017012000,3,3017000000,대전광역시 서구 장안동,장안동
3017012100,3,3017000000,대전광역시 서구 평촌동,평촌동
3017012200,3,3017000000,대전광역시 서구 오동,오동
3017012300,3,3017000000,대전광역시 서구 우명동,우명동
3017012400,3,3017000000,대전광역시 서구 원정동,원정동
3017012500,3,3017000000,대전광역시 서구 용촌동,용촌동
3017012600,3,3017000000,대전광역시 서구 봉곡동,봉곡동
3017012700,3,3017000000,대전광역시 서구 괴곡동,괴곡동
3017012800,3,3017000000,대전광역시 서구 만년동,만년동
3020000000,2,3000000000,대전광역시 유성구,유성구
3020010100,3,3020000000,대전광역시 유성구 원내동,원내동
3020010200,3,3020000000,대전광역시 유성구 교촌동,교촌동
3020010300,3,3020000000,대전광역시 유성구 대정동,대정동
3020010400,3,3020000000,대전광역시 유성구 용계동,용계동
3020010500,3,3020000000,대전광역시 유성구 학하동,학하동
3020010600,3,3020000000,대전광역시 유성구 계산동,계산동
3020010700,3,3020000000,대전광역시 유성구 성북동,성북동
3020010800,3,3020000000,대전광역시 유성구 세동,세동
3020010900,3,3020000000,대전광역시 유성구 송정동,송정동
3020011000,3,3020000000,대전광역시 유성구 방동,방동
3020011100,3,3020000000,대전광역시 유성구 봉명동,봉명동
3020011200,3,3020000000,대전광역시 유성구 구암동,구암동
3020011300,3,3020000000,대전광역시 유성구 덕명동,덕명동
3020011400,3,3020000000,대전광역시 유성구 원신흥동,원신흥동
3020011500,3,3020000000,대전광역시 유성구 상대동,상대동
3020011600,3,3020000000,대전광역시 유성구 복용동,복용동
3020011700,3,3020000000,대전광역시 유성구 장대동,장대동
3020011800,3,3020000000,대전광역시 유성구 갑동,갑동
3020011900,3,3020000000,대전광역시 유성구 노은동,노은동
3020012000,3,3020000000,대전광역시 유성구 지족동,지족동
3020012100,3,3020000000,대전광역시 유성구 죽동,죽동
3020012200,3,3020000000,대전광역시 유성구 궁동,궁동
3020012300,3,3020000000,대전광역시 유성구 어은동,어은동
3020012400,3,3020000000,대전광역시 유성구 구성동,구성동
3020012500,3,3020000000,대전광역시 유성구 신성동,신성동
3020012600,3,3020000000,대전광역시 유성구 가정동,가정동
3020012700,3,3020000000,대전광역시 유성구 도룡동,도룡동
3020012800,3,3020000000,대전광역시 유성구 장동,장동
3020012900,3,3020000000,대전광역시 유성구 방현동,방현동
3020013000,3,3020000000,대전광역시 유성구 화암동,화암동
3020013100,3,3020000000,대전광역시 유성구 덕진동,덕진동
3020013200,3,3020000000,대전광역시 유성구 하기동,하기동
3020013300,3,3020000000,대전광역시 유성구 추목동,추목동
3020013400,3,3020000000,대전광역시 유성구 자운동,자운동
3020013500,3,3020000000,대전광역시 유성구 신봉동,신봉동
3020013600,3,3020000000,대전광역시 유성구 수남동,수남동
3020013700,3,3020000000,대전광역시 유성구 안산동,안산동
3020013800,3,3020000000,대전광역시 유성구 외삼동,외삼동
3020013900,3,3020000000,대전광역시 유성구 반석동,반석동
3020014000,3,3020000000,대전광역시 유성구 문지동,문지동
3020014100,3,3020000000,대전광역시 유성구 전민동,전민동
3020014200,3,3020000000,대전광역시 유성구 원촌동,원촌동
3020014300,3,3020000000,대전광역시 유성구 탑립동,탑립동
3020014400,3,3020000000,대전광역시 유성구 용산동,용산동
3020014500,3,3020000000,대전광역시 유성구 봉산동,봉산동
3020014600,3,3020000000,대전광역시 유성구 관평동,관평동
3020014700,3,3020000000,대전광역시 유성구 송강동,송강동
3020014800,3,3020000000,대전광역시 유성구 금고동,금고동
3020014900,3,3020000000,대전광역시 유성구 대동,대동
3020015000,3,3020000000,대전광역시 유성구 금탄동,금탄동
3020015100,3,3020000000,대전광역시 유성구 신동,신동
3020015200,3,3020000000,대전광역시 유성구 둔곡동,둔곡동
3020015300,3,3020000000,대전광역시 유성구 구룡동,구룡동
3023000000,2,3000000000,대전광역시 대덕구,대덕구
3023010100,3,3023000000,대전광역시 대덕구 오정동,오정동
3023010200,3,3023000000,대전광역시 대덕구 대화동,대화동
3023010300,3,3023000000,대전광역시 대덕구 읍내동,읍내동
3023010400,3,3023000000,대전광역시 대덕구 연축동,연축동
3023010500,3,3023000000,대전광역시 대덕구 신대동,신대동
3023010600,3,3023000000,대전광역시 대덕구 와동,와동
3023010700,3,3023000000,대전광역시 대덕구 송촌동,송촌동
3023010800,3,3023000000,대전광역시 대덕구 법동,법동
3023010900,3,3023000000,대전광역시 대덕구 중리동,중리동
3023011000,3,3023000000,대전광역시 대덕구 비래동,비래동
3023011100,3,3023000000,대전광역시 대덕구 석봉동,석봉동
3023011200,3,3023000000,대전광역시 대덕구 목상동,목상동
3023011300,3,3023000000,대전광역시 대덕구 문평동,문평동
3023011400,3,3023000000,대전광역시 대덕구 신일동,신일동
3023011500,3,3023000000,대전광역시 대덕구 덕암동,덕암동
3023011600,3,3023000000,대전광역시 대덕구 상서동,상서동
3023011700,3,3023000000,대전광역시 대덕구 평촌동,평촌동
3023011800,3,3023000000,대전광역시 대덕구 장동,장동
3023011900,3,3023000000,대전광역시 대덕구 용호동,용호동
3023012000,3,3023000000,대전광역시 대덕구 이현동,이현동
3023012100,3,3023000000,대전광역시 대덕구 갈전동,갈전동
3023012200,3,3023000000,대전광역시 대덕구 부수동,부수동
3023012300,3,3023000000,대전광역시 대덕구 황호동,황호동
3023012400,3,3023000000,대전광역시 대덕구 삼정동,삼정동
3023012500,3,3023000000,대전광역시 대덕구 미호동,미호동
3023012600,3,3023000000,대전광역시 대덕구 신탄진동,신탄진동
3100000000,1,,울산광역시,울산광역시
3111000000,2,3100000000,울산광역시 중구,중구
3111010100,3,3111000000,울산광역시 중구 학성동,학성동
3111010200,3,3111000000,울산광역시 중구 학산동,학산동
3111010300,3,3111000000,울산광역시 중구 복산동,복산동
3111010400,3,3111000000,울산광역시 중구 북정동,북정동
3111010500,3,3111000000,울산광역시 중구 옥교동,옥교동
3111010600,3,3111000000,울산광역시 중구 성남동,성남동
3111010700,3,3111000000,울산광역시 중구 교동,교동
3111010800,3,3111000000,울산광역시 중구 우정동,우정동
3111010900,3,3111000000,울산광역시 중구 성안동,성안동
3111011000,3,3111000000,울산광역시 중구 유곡동,유곡동
3111011100,3,3111000000,울산광역시 중구 태화동,태화동
3111011200,3,3111000000,울산광역시 중구 다운동,다운동
3111011300,3,3111000000,울산광역시 중구 동동,동동
3111011400,3,3111000000,울산광역시 중구 서동,서동
3111011500,3,3111000000,울산광역시 중구 남외동,남외동
3111011600,3,3111000000,울산광역시 중구 장현동,장현동
3111011700,3,3111000000,울산광역시 중구 약사동,약사동
3111011800,3,3111000000,울산광역시 중구 반구동,반구동
3114000000,2,3100000000,울산광역시 남구,남구
3114010100,3,3114000000,울산광역시 남구 무거동,무거동
3114010200,3,3114000000,울산광역시 남구 옥동,옥동
3114010300,3,3114000000,울산광역시 남구 두왕동,두왕동
3114010400,3,3114000000,울산광역시 남구 신정동,신정동
3114010500,3,3114000000,울산광역시 남구 달동,달동
3114010600,3,3114000000,울산광역시 남구 삼산동,삼산동
3114010700,3,3114000000,울산광역시 남구 여천동,여천동
3114010800,3,3114000000,울산광역시 남구 야음동,야음동
3114010900,3,3114000000,울산광역시 남구 선암동,선암동
3114011000,3,3114000000,울산광역시 남구 상개동,상개동
3114011100,3,3114000000,울산광역시 남구 부곡동,부곡동
3114011200,3,3114000000,울산광역시 남구 고사동,고사동
3114011300,3,3114000000,울산광역시 남구 성암동,성암동
3114011400,3,3114000000,울산광역시 남구 황성동,황성동
3114011500,3,3114000000,울산광역시 남구 용연동,용연동
3114011600,3,3114000000,울산광역시 남구 남화동,남화동
3114011700,3,3114000000,울산광역시 남구 용잠동,용잠동
3114011800,3,3114000000,울산광역시 남구 장생포동,장생포동
3114011900,3,3114000000,울산광역시 남구 매암동,매암동
3117000000,2,3100000000,울산광역시 동구,동구
3117010100,3,3117000000,울산광역시 동구 방어동,방어동
3117010200,3,3117000000,울산광역시 동구 화정동,화정동
3117010300,3,3117000000,울산광역시 동구 일산동,일산동
3117010400,3,3117000000,울산광역시 동구 전하동,전하동
3117010500,3,3117000000,울산광역시 동구 미포동,미포동
3117010600,3,3117000000,울산광역시 동구 주전동,주전동
3117010700,3,3117000000,울산광역시 동구 동부동,동부동
3117010800,3,3117000000,울산광역시 동구 서부동,서부동
3120000000,2,3100000000,울산광역시 북구,북구
3120010100,3,3120000000,울산광역시 북구 창평동,창평동
3120010200,3,3120000000,울산광역시 북구 호계동,호계동
3120010300,3,3120000000,울산광역시 북구 매곡동,매곡동
3120010400,3,3120000000,울산광역시 북구 가대동,가대동
3120010500,3,3120000000,울산광역시 북구 신천동,신천동
3120010600,3,3120000000,울산광역시 북구 중산동,중산동
3120010700,3,3120000000,울산광역시 북구 상안동,상안동
3120010800,3,3120000000,울산광역시 북구 천곡동,천곡동
3120010900,3,3120000000,울산광역시 북구 달천동,달천동
3120011000,3,3120000000,울산광역시 북구 시례동,시례동
3120011100,3,3120000000,울산광역시 북구 무룡동,무룡동
3120011200,3,3120000000,울산광역시 북구 구유동,구유동
3120011300,3,3120000000,울산광역시 북구 정자동,정자동
3120011400,3,3120000000,울산광역시 북구 신명동,신명동
3120011500,3,3120000000,울산광역시 북구 대안동,대안동
3120011600,3,3120000000,울산광역시 북구 당사동,당사동
3120011700,3,3120000000,울산광역시 북구 신현동,신현동
3120011800,3,3120000000,울산광역시 북구 산하동,산하동
3120011900,3,3120000000,울산광역시 북구 어물동,어물동
3120012000,3,3120000000,울산광역시 북구 명촌동,명촌동
3120012100,3,3120000000,울산광역시 북구 진장동,진장동
3120012200,3,3120000000,울산광역시 북구 연암동,연암동
3120012300,3,3120000000,울산광역시 북구 효문동,효문동
3120012400,3,3120000000,울산광역시 북구 양정동,양정동
3120012500,3,3120000000,울산광역시 북구 화봉동,화봉동
3120012600,3,3120000000,울산광역시 북구 송정동,송정동
3120012700,3,3120000000,울산광역시 북구 염포동,염포동
3171000000,2,3100000000,울산광역시 울주군,울주군
3171025000,3,3171000000,울산광역시 울주군 온산읍,온산읍
3171025300,3,3171000000,울산광역시 울주군 언양읍,언양읍
3171025600,3,3171000000,울산광역시 울주군 온양읍,온양읍
3171025900,3,3171000000,울산광역시 울주군 범서읍,범서읍
3171026200,3,3171000000,울산광역시 울주군 청량읍,청량읍
3171026500,3,3171000000,울산광역시 울주군 삼남읍,삼남읍
3171031000,3,3171000000,울산광역시 울주군 서생면,서생면
3171034000,3,3171000000,울산광역시 울주군 웅촌면,웅촌면
3171036000,3,3171000000,울산광역시 울주군 두동면,두동면
3171037000,3,3171000000,울산광역시 울주군 두서면,두서면
3171038000,3,3171000000,울산광역시 울주군 상북면,상북면
3171040000,3,3171000000,울산광역시 울주군 삼동면,삼동면
3611000000,1,,세종특별자치시,세종특별자치시
3611010100,3,3611000000,세종특별자치시 반곡동,반곡동
3611010200,3,3611000000,세종특별자치시 소담동,소담동
3611010300,3,3611000000,세종특별자치시 보람동,보람동
3611010400,3,3611000000,세종특별자치시 대평동,대평동
3611010500,3,3611000000,세종특별자치시 가람동,가람동
3611010600,3,3611000000,세종특별자치시 한솔동,한솔동
3611010700,3,3611000000,세종특별자치시 나성동,나성동
3611010800,3,3611000000,세종특별자치시 새롬동,새롬동
3611010900,3,3611000000,세종특별자치시 다정동,다정동
3611011000,3,3611000000,세종특별자치시 어진동,어진동
3611011100,3,3611000000,세종특별자치시 종촌동,종촌동
3611011200,3,3611000000,세종특별자치시 고운동,고운동
3611011300,3,3611000000,세종특별자치시 아름동,아름동
3611011400,3,3611000000,세종특별자치시 도담동,도담동
3611011500,3,3611000000,세종특별자치시 산울동,산울동
3611011600,3,3611000000,세종특별자치시 해밀동,해밀동
3611011700,3,3611000000,세종특별자치시 합강동,합강동
3611011800,3,3611000000,세종특별자치시 집현동,집현동
3611011900,3,3611000000,세종특별자치시 세종동,세종동
3611012000,3,3611000000,세종특별자치시 누리동,누리동
3611012100,3,3611000000,세종특별자치시 한별동,한별동
3611012200,3,3611000000,세종특별자치시 다솜동,다솜동
3611012300,3,3611000000,세종특별자치시 용호동,용호동
3611025000,3,3611000000,세종특별자치시 조치원읍,조치원읍
3611031000,3,3611000000,세종특별자치시 연기면,연기면
3611032000,3,3611000000,세종특별자치시 연동면,연동면
3611033000,3,3611000000,세종특별자치시 부강면,부강면
3611034000,3,3611000000,세종특별자치시 금남면,금남면
3611035000,3,3611000000,세종특별자치시 장군면,장군면
3611036000,3,3611000000,세종특별자치시 연서면,연서면
3611037000,3,3611000000,세종특별자치시 전의면,전의면
3611038000,3,3611000000,세종특별자치시 전동면,전동면
3611039000,3,3611000000,세종특별자치시 소정면,소정면
4100000000,1,,경기도,경기도
4111100000,2,4100000000,경기도 수원시 장안구,수원시 장안구
4111112900,3,4111100000,경기도 수원시 장안구 파장동,파장동
4111113000,3,4111100000,경기도 수원시 장안구 정자동,정자동
4111113100,3,4111100000,경기도 수원시 장안구 이목동,이목동
4111113200,3,4111100000,경기도 수원시 장안구 율전동,율전동
4111113300,3,4111100000,경기도 수원시 장안구 천천동,천천동
4111113400,3,4111100000,경기도 수원시 장안구 영화동,영화동
4111113500,3,4111100000,경기도 수원시 장안구 송죽동,송죽동
4111113600,3,4111100000,경기도 수원시 장안구 조원동,조원동
4111113700,3,4111100000,경기도 수원시 장안구 연무동,연무동
4111113800,3,4111100000,경기도 수원시 장안구 상광교동,상광교동
4111113900,3,4111100000,경기도 수원시 장안구 하광교동,하광교동
4111300000,2,4100000000,경기도 수원시 권선구,수원시 권선구
4111312600,3,4111300000,경기도 수원시 권선구 세류동,세류동
4111312700,3,4111300000,경기도 수원시 권선구 평동,평동
4111312800,3,4111300000,경기도 수원시 권선구 고색동,고색동
4111312900,3,4111300000,경기도 수원시 권선구 오목천동,오목천동
4111313000,3,4111300000,경기도 수원시 권선구 평리동,평리동
4111313100,3,4111300000,경기도 수원시 권선구 서둔동,서둔동
4111313200,3,4111300000,경기도 수원시 권선구 구운동,구운동
4111313300,3,4111300000,경기도 수원시 권선구 탑동,탑동
4111313400,3,4111300000,경기도 수원시 권선구 금곡동,금곡동
4111313500,3,4111300000,경기도 수원시 권선구 호매실동,호매실동
4111313600,3,4111300000,경기도 수원시 권선구 곡반정동,곡반정동
4111313700,3,4111300000,경기도 수원시 권선구 권선동,권선동
4111313800,3,4111300000,경기도 수원시 권선구 장지동,장지동
4111313900,3,4111300000,경기도 수원시 권선구 대황교동,대황교동
4111314000,3,4111300000,경기도 수원시 권선구 입북동,입북동
4111314100,3,4111300000,경기도 수원시 권선구 당수동,당수동
4111500000,2,4100000000,경기도 수원시 팔달구,수원시 팔달구
4111512000,3,4111500000,경기도 수원시 팔달구 팔달로1가,팔달로1가
4111512100,3,4111500000,경기도 수원시 팔달구 팔달로2가,팔달로2가
4111512200,3,4111500000,경기도 수원시 팔달구 팔달로3가,팔달로3가
4111512300,3,4111500000,경기도 수원시 팔달구 남창동,남창동
4111512400,3,4111500000,경기도 수원시 팔달구 영동,영동
4111512500,3,4111500000,경기도 수원시 팔달구 중동,중동
4111512600,3,4111500000,경기도 수원시 팔달구 구천동,구천동
4111512700,3,4111500000,경기도 수원시 팔달구 남수동,남수동
4111512800,3,4111500000,경기도 수원시 팔달구 매향동,매향동
4111512900,3,4111500000,경기도 수원시 팔달구 북수동,북수동
4111513000,3,4111500000,경기도 수원시 팔달구 신풍동,신풍동
4111513100,3,4111500000,경기도 수원시 팔달구 장안동,장안동
4111513200,3,4111500000,경기도 수원시 팔달구 교동,교동
4111513300,3,4111500000,경기도 수원시 팔달구 매교동,매교동
4111513400,3,4111500000,경기도 수원시 팔달구 매산로1가,매산로1가
4111513500,3,4111500000,경기도 수원시 팔달구 매산로2가,매산로2가
4111513600,3,4111500000,경기도 수원시 팔달구 매산로3가,매산로3가
4111513700,3,4111500000,경기도 수원시 팔달구 고등동,고등동
4111513800,3,4111500000,경기도 수원시 팔달구 화서동,화서동
4111513900,3,4111500000,경기도 수원시 팔달구 지동,지동
4111514000,3,4111500000,경기도 수원시 팔달구 우만동,우만동
4111514100,3,4111500000,경기도 수원시 팔달구 인계동,인계동
4111700000,2,4100000000,경기도 수원시 영통구,수원시 영통구
4111710100,3,4111700000,경기도 수원시 영통구 매탄동,매탄동
4111710200,3,4111700000,경기도 수원시 영통구 원천동,원천동
4111710300,3,4111700000,경기도 수원시 영통구 이의동,이의동
4111710400,3,4111700000,경기도 수원시 영통구 하동,하동
4111710500,3,4111700000,경기도 수원시 영통구 영통동,영통동
4111710600,3,4111700000,경기도 수원시 영통구 신동,신동
4111710700,3,4111700000,경기도 수원시 영통구 망포동,망포동
4113100000,2,4100000000,경기도 성남시 수정구,성남시 수정구
4113110100,3,4113100000,경기도 성남시 수정구 신흥동,신흥동
4113110200,3,4113100000,경기도 성남시 수정구 태평동,태평동
4113110300,3,4113100000,경기도 성남시 수정구 수진동,수진동
4113110400,3,4113100000,경기도 성남시 수정구 단대동,단대동
4113110500,3,4113100000,경기도 성남시 수정구 산성동,산성동
4113110600,3,4113100000,경기도 성남시 수정구 양지동,양지동
4113110700,3,4113100000,경기도 성남시 수정구 복정동,복정동
4113110800,3,4113100000,경기도 성남시 수정구 창곡동,창곡동
4113110900,3,4113100000,경기도 성남시 수정구 신촌동,신촌동
4113111000,3,4113100000,경기도 성남시 수정구 오야동,오야동
4113111100,3,4113100000,경기도 성남시 수정구 심곡동,심곡동
4113111200,3,4113100000,경기도 성남시 수정구 고등동,고등동
4113111300,3,4113100000,경기도 성남시 수정구 상적동,상적동
4113111400,3,4113100000,경기도 성남시 수정구 둔전동,둔전동
4113111500,3,4113100000,경기도 성남시 수정구 시흥동,시흥동
4113111600,3,4113100000,경기도 성남시 수정구 금토동,금토동
4113111700,3,4113100000,경기도 성남시 수정구 사송동,사송동
4113300000,2,4100000000,경기도 성남시 중원구,성남시 중원구
4113310100,3,4113300000,경기도 성남시 중원구 성남동,성남동
4113310300,3,4113300000,경기도 성남시 중원구 금광동,금광동
4113310400,3,4113300000,경기도 성남시 중원구 은행동,은행동
4113310500,3,4113300000,경기도 성남시 중원구 상대원동,상대원동
4113310600,3,4113300000,경기도 성남시 중원구 여수동,여수동
4113310700,3,4113300000,경기도 성남시 중원구 도촌동,도촌동
4113310800,3,4113300000,경기도 성남시 중원구 갈현동,갈현동
4113310900,3,4113300000,경기도 성남시 중원구 하대원동,하대원동
4113313200,3,4113300000,경기도 성남시 중원구 중앙동,중앙동
4113500000,2,4100000000,경기도 성남시 분당구,성남시 분당구
4113510100,3,4113500000,경기도 성남시 분당구 분당동,분당동
4113510200,3,4113500000,경기도 성남시 분당구 수내동,수내동
4113510300,3,4113500000,경기도 성남시 분당구 정자동,정자동
4113510400,3,4113500000,경기도 성남시 분당구 율동,율동
4113510500,3,4113500000,경기도 성남시 분당구 서현동,서현동
4113510600,3,4113500000,경기도 성남시 분당구 이매동,이매동
4113510700,3,4113500000,경기도 성남시 분당구 야탑동,야탑동
4113510800,3,4113500000,경기도 성남시 분당구 판교동,판교동
4113510900,3,4113500000,경기도 성남시 분당구 삼평동,삼평동
4113511000,3,4113500000,경기도 성남시 분당구 백현동,백현동
4113511100,3,4113500000,경기도 성남시 분당구 금곡동,금곡동
4113511200,3,4113500000,경기도 성남시 분당구 궁내동,궁내동
4113511300,3,4113500000,경기도 성남시 분당구 동원동,동원동
4113511400,3,4113500000,경기도 성남시 분당구 구미동,구미동
4113511500,3,4113500000,경기도 성남시 분당구 운중동,운중동
4113511600,3,4113500000,경기도 성남시 분당구 대장동,대장동
4113511700,3,4113500000,경기도 성남시 분당구 석운동,석운동
4113511800,3,4113500000,경기도 성남시 분당구 하산운동,하산운동
4115000000,2,4100000000,경기도 의정부시,의정부시
4115010100,3,4115000000,경기도 의정부시 의정부동,의정부동
4115010200,3,4115000000,경기도 의정부시 호원동,호원동
4115010300,3,4115000000,경기도 의정부시 장암동,장암동
4115010400,3,4115000000,경기도 의정부시 신곡동,신곡동
4115010500,3,4115000000,경기도 의정부시 용현동,용현동
4115010600,3,4115000000,경기도 의정부시 민락동,민락동
4115010700,3,4115000000,경기도 의정부시 낙양동,낙양동
4115010800,3,4115000000,경기도 의정부시 자일동,자일동
4115010900,3,4115000000,경기도 의정부시 금오동,금오동
4115011000,3,4115000000,경기도 의정부시 가능동,가능동
4115011100,3,4115000000,경기도 의정부시 녹양동,녹양동
4115011200,3,4115000000,경기도 의정부시 고산동,고산동
4115011300,3,4115000000,경기도 의정부시 산곡동,산곡동
4117100000,2,4100000000,경기도 안양시 만안구,안양시 만안구
4117110100,3,4117100000,경기도 안양시 만안구 안양동,안양동
4117110200,3,4117100000,경기도 안양시 만안구 석수동,석수동
4117110300,3,4117100000,경기도 안양시 만안구 박달동,박달동
4117300000,2,4100000000,경기도 안양시 동안구,안양시 동안구
4117310100,3,4117300000,경기도 안양시 동안구 비산동,비산동
4117310200,3,4117300000,경기도 안양시 동안구 관양동,관양동
4117310300,3,4117300000,경기도 안양시 동안구 평촌동,평촌동
4117310400,3,4117300000,경기도 안양시 동안구 호계동,호계동
4119200000,2,4100000000,경기도 부천시 원미구,부천시 원미구
4119210100,3,4119200000,경기도 부천시 원미구 원미동,원미동
4119210200,3,4119200000,경기도 부천시 원미구 심곡동,심곡동
4119210300,3,4119200000,경기도 부천시 원미구 춘의동,춘의동
4119210400,3,4119200000,경기도 부천시 원미구 도당동,도당동
4119210500,3,4119200000,경기도 부천시 원미구 약대동,약대동
4119210600,3,4119200000,경기도 부천시 원미구 소사동,소사동
4119210700,3,4119200000,경기도 부천시 원미구 역곡동,역곡동
4119210800,3,4119200000,경기도 부천시 원미구 중동,중동
4119210900,3,4119200000,경기도 부천시 원미구 상동,상동
4119400000,2,4100000000,경기도 부천시 소사구,부천시 소사구
4119410100,3,4119400000,경기도 부천시 소사구 소사본동,소사본동
4119410200,3,4119400000,경기도 부천시 소사구 심곡본동,심곡본동
4119410300,3,4119400000,경기도 부천시 소사구 범박동,범박동
4119410400,3,4119400000,경기도 부천시 소사구 괴안동,괴안동
4119410500,3,4119400000,경기도 부천시 소사구 송내동,송내동
4119410600,3,4119400000,경기도 부천시 소사구 옥길동,옥길동
4119410700,3,4119400000,경기도 부천시 소사구 계수동,계수동
4119600000,2,4100000000,경기도 부천시 오정구,부천시 오정구
4119610100,3,4119600000,경기도 부천시 오정구 오정동,오정동
4119610200,3,4119600000,경기도 부천시 오정구 여월동,여월동
4119610300,3,4119600000,경기도 부천시 오정구 작동,작동
4119610400,3,4119600000,경기도 부천시 오정구 원종동,원종동
4119610500,3,4119600000,경기도 부천시 오정구 고강동,고강동
4119610600,3,4119600000,경기도 부천시 오정구 대장동,대장동
4119610700,3,4119600000,경기도 부천시 오정구 삼정동,삼정동
4119610800,3,4119600000,경기도 부천시 오정구 내동,내동
4121000000,2,4100000000,경기도 광명시,광명시
4121010100,3,4121000000,경기도 광명시 광명동,광명동
4121010200,3,4121000000,경기도 광명시 철산동,철산동
4121010300,3,4121000000,경기도 광명시 하안동,하안동
4121010400,3,4121000000,경기도 광명시 소하동,소하동
4121010500,3,4121000000,경기도 광명시 노온사동,노온사동
4121010600,3,4121000000,경기도 광명시 일직동,일직동
4121010700,3,4121000000,경기도 광명시 가학동,가학동
4121010800,3,4121000000,경기도 광명시 옥길동,옥길동
4122000000,2,4100000000,경기도 평택시,평택시
4122010100,3,4122000000,경기도 평택시 서정동,서정동
4122010200,3,4122000000,경기도 평택시 장당동,장당동
4122010300,3,4122000000,경기도 평택시 모곡동,모곡동
4122010400,3,4122000000,경기도 평택시 칠괴동,칠괴동
4122010500,3,4122000000,경기도 평택시 칠원동,칠원동
4122010600,3,4122000000,경기도 평택시 도일동,도일동
4122010700,3,4122000000,경기도 평택시 가재동,가재동
4122010800,3,4122000000,경기도 평택시 장안동,장안동
4122010900,3,4122000000,경기도 평택시 이충동,이충동
4122011000,3,4122000000,경기도 평택시 지산동,지산동
4122011100,3,4122000000,경기도 평택시 독곡동,독곡동
4122011200,3,4122000000,경기도 평택시 신장동,신장동
4122011300,3,4122000000,경기도 평택시 평택동,평택동
4122011400,3,4122000000,경기도 평택시 통복동,통복동
4122011500,3,4122000000,경기도 평택시 군문동,군문동
4122011600,3,4122000000,경기도 평택시 유천동,유천동
4122011700,3,4122000000,경기도 평택시 합정동,합정동
4122011800,3,4122000000,경기도 평택시 비전동,비전동
4122011900,3,4122000000,경기도 평택시 동삭동,동삭동
4122012000,3,4122000000,경기도 평택시 세교동,세교동
4122012100,3,4122000000,경기도 평택시 지제동,지제동
4122012200,3,4122000000,경기도 평택시 신대동,신대동
4122012300,3,4122000000,경기도 평택시 소사동,소사동
4122012400,3,4122000000,경기도 평택시 용이동,용이동
4122012500,3,4122000000,경기도 평택시 월곡동,월곡동
4122012600,3,4122000000,경기도 평택시 청룡동,청룡동
4122012700,3,4122000000,경기도 평택시 죽백동,죽백동
4122012800,3,4122000000,경기도 평택시 고덕동,고덕동
4122025000,3,4122000000,경기도 평택시 팽성읍,팽성읍
4122025300,3,4122000000,경기도 평택시 안중읍,안중읍
4122025600,3,4122000000,경기도 평택시 포승읍,포승읍
4122025900,3,4122000000,경기도 평택시 청북읍,청북읍
4122031000,3,4122000000,경기도 평택시 진위면,진위면
4122032000,3,4122000000,경기도 평택시 서탄면,서탄면
4122033000,3,4122000000,경기도 평택시 고덕면,고덕면
4122034000,3,4122000000,경기도 평택시 오성면,오성면
4122037000,3,4122000000,경기도 평택시 현덕면,현덕면
4125000000,2,4100000000,경기도 동두천시,동두천시
4125010100,3,4125000000,경기도 동두천시 송내동,송내동
4125010200,3,4125000000,경기도 동두천시 지행동,지행동
4125010300,3,4125000000,경기도 동두천시 생연동,생연동
4125010400,3,4125000000,경기도 동두천시 광암동,광암동
4125010500,3,4125000000,경기도 동두천시 걸산동,걸산동
4125010600,3,4125000000,경기도 동두천시 보산동,보산동
4125010700,3,4125000000,경기도 동두천시 동두천동,동두천동
4125010800,3,4125000000,경기도 동두천시 안흥동,안흥동
4125010900,3,4125000000,경기도 동두천시 상봉암동,상봉암동
4125011000,3,4125000000,경기도 동두천시 하봉암동,하봉암동
4125011100,3,4125000000,경기도 동두천시 탑동동,탑동동
4125011200,3,4125000000,경기도 동두천시 상패동,상패동
4127100000,2,4100000000,경기도 안산시 상록구,안산시 상록구
4127110100,3,4127100000,경기도 안산시 상록구 일동,일동
4127110200,3,4127100000,경기도 안산시 상록구 이동,이동
4127110300,3,4127100000,경기도 안산시 상록구 사동,사동
4127110400,3,4127100000,경기도 안산시 상록구 본오동,본오동
4127110500,3,4127100000,경기도 안산시 상록구 팔곡이동,팔곡이동
4127110600,3,4127100000,경기도 안산시 상록구 양상동,양상동
4127110700,3,4127100000,경기도 안산시 상록구 부곡동,부곡동
4127110800,3,4127100000,경기도 안산시 상록구 성포동,성포동
4127110900,3,4127100000,경기도 안산시 상록구 월피동,월피동
4127111000,3,4127100000,경기도 안산시 상록구 팔곡일동,팔곡일동
4127111100,3,4127100000,경기도 안산시 상록구 건건동,건건동
4127111200,3,4127100000,경기도 안산시 상록구 사사동,사사동
4127111300,3,4127100000,경기도 안산시 상록구 수암동,수암동
4127111400,3,4127100000,경기도 안산시 상록구 장상동,장상동
4127111500,3,4127100000,경기도 안산시 상록구 장하동,장하동
4127300000,2,4100000000,경기도 안산시 단원구,안산시 단원구
4127310100,3,4127300000,경기도 안산시 단원구 고잔동,고잔동
4127310200,3,4127300000,경기도 안산시 단원구 와동,와동
4127310300,3,4127300000,경기도 안산시 단원구 신길동,신길동
4127310400,3,4127300000,경기도 안산시 단원구 성곡동,성곡동
4127310500,3,4127300000,경기도 안산시 단원구 원시동,원시동
4127310600,3,4127300000,경기도 안산시 단원구 목내동,목내동
4127310700,3,4127300000,경기도 안산시 단원구 초지동,초지동
4127310800,3,4127300000,경기도 안산시 단원구 원곡동,원곡동
4127310900,3,4127300000,경기도 안산시 단원구 선부동,선부동
4127311000,3,4127300000,경기도 안산시 단원구 대부동동,대부동동
4127311100,3,4127300000,경기도 안산시 단원구 대부북동,대부북동
4127311200,3,4127300000,경기도 안산시 단원구 대부남동,대부남동
4127311300,3,4127300000,경기도 안산시 단원구 선감동,선감동
4127311400,3,4127300000,경기도 안산시 단원구 풍도동,풍도동
4127311500,3,4127300000,경기도 안산시 단원구 화정동,화정동
4128100000,2,4100000000,경기도 고양시 덕양구,고양시 덕양구
4128110100,3,4128100000,경기도 고양시 덕양구 주교동,주교동
4128110200,3,4128100000,경기도 고양시 덕양구 원당동,원당동
4128110300,3,4128100000,경기도 고양시 덕양구 신원동,신원동
4128110400,3,4128100000,경기도 고양시 덕양구 원흥동,원흥동
4128110500,3,4128100000,경기도 고양시 덕양구 도내동,도내동
4128110600,3,4128100000,경기도 고양시 덕양구 성사동,성사동
4128110700,3,4128100000,경기도 고양시 덕양구 북한동,북한동
4128110800,3,4128100000,경기도 고양시 덕양구 효자동,효자동
4128110900,3,4128100000,경기도 고양시 덕양구 지축동,지축동
4128111000,3,4128100000,경기도 고양시 덕양구 오금동,오금동
4128111100,3,4128100000,경기도 고양시 덕양구 삼송동,삼송동
4128111200,3,4128100000,경기도 고양시 덕양구 동산동,동산동
4128111300,3,4128100000,경기도 고양시 덕양구 용두동,용두동
4128111400,3,4128100000,경기도 고양시 덕양구 벽제동,벽제동
4128111500,3,4128100000,경기도 고양시 덕양구 선유동,선유동
4128111600,3,4128100000,경기도 고양시 덕양구 고양동,고양동
4128111700,3,4128100000,경기도 고양시 덕양구 대자동,대자동
4128111800,3,4128100000,경기도 고양시 덕양구 관산동,관산동
4128111900,3,4128100000,경기도 고양시 덕양구 내유동,내유동
4128112000,3,4128100000,경기도 고양시 덕양구 토당동,토당동
4128112100,3,4128100000,경기도 고양시 덕양구 내곡동,내곡동
4128112200,3,4128100000,경기도 고양시 덕양구 대장동,대장동
4128112300,3,4128100000,경기도 고양시 덕양구 화정동,화정동
4128112400,3,4128100000,경기도 고양시 덕양구 강매동,강매동
4128112500,3,4128100000,경기도 고양시 덕양구 행주내동,행주내동
4128112600,3,4128100000,경기도 고양시 덕양구 행주외동,행주외동
4128112700,3,4128100000,경기도 고양시 덕양구 신평동,신평동
4128112800,3,4128100000,경기도 고양시 덕양구 행신동,행신동
4128112900,3,4128100000,경기도 고양시 덕양구 화전동,화전동
4128113000,3,4128100000,경기도 고양시 덕양구 현천동,현천동
4128113100,3,4128100000,경기도 고양시 덕양구 덕은동,덕은동
4128113200,3,4128100000,경기도 고양시 덕양구 향동동,향동동
4128500000,2,4100000000,경기도 고양시 일산동구,고양시 일산동구
4128510100,3,4128500000,경기도 고양시 일산동구 식사동,식사동
4128510200,3,4128500000,경기도 고양시 일산동구 중산동,중산동
4128510300,3,4128500000,경기도 고양시 일산동구 정발산동,정발산동
4128510400,3,4128500000,경기도 고양시 일산동구 장항동,장항동
4128510500,3,4128500000,경기도 고양시 일산동구 마두동,마두동
4128510600,3,4128500000,경기도 고양시 일산동구 백석동,백석동
4128510700,3,4128500000,경기도 고양시 일산동구 풍동,풍동
4128510800,3,4128500000,경기도 고양시 일산동구 산황동,산황동
4128510900,3,4128500000,경기도 고양시 일산동구 사리현동,사리현동
4128511000,3,4128500000,경기도 고양시 일산동구 지영동,지영동
4128511100,3,4128500000,경기도 고양시 일산동구 설문동,설문동
4128511200,3,4128500000,경기도 고양시 일산동구 문봉동,문봉동
4128511300,3,4128500000,경기도 고양시 일산동구 성석동,성석동
4128700000,2,4100000000,경기도 고양시 일산서구,고양시 일산서구
4128710100,3,4128700000,경기도 고양시 일산서구 일산동,일산동
4128710200,3,4128700000,경기도 고양시 일산서구 주엽동,주엽동
4128710300,3,4128700000,경기도 고양시 일산서구 탄현동,탄현동
4128710400,3,4128700000,경기도 고양시 일산서구 대화동,대화동
4128710500,3,4128700000,경기도 고양시 일산서구 덕이동,덕이동
4128710600,3,4128700000,경기도 고양시 일산서구 가좌동,가좌동
4128710700,3,4128700000,경기도 고양시 일산서구 구산동,구산동
4128710800,3,4128700000,경기도 고양시 일산서구 법곳동,법곳동
4129000000,2,4100000000,경기도 과천시,과천시
4129010100,3,4129000000,경기도 과천시 관문동,관문동
4129010200,3,4129000000,경기도 과천시 문원동,문원동
4129010300,3,4129000000,경기도 과천시 갈현동,갈현동
4129010400,3,4129000000,경기도 과천시 막계동,막계동
4129010500,3,4129000000,경기도 과천시 과천동,과천동
4129010600,3,4129000000,경기도 과천시 주암동,주암동
4129010700,3,4129000000,경기도 과천시 중앙동,중앙동
4129010800,3,4129000000,경기도 과천시 원문동,원문동
4129010900,3,4129000000,경기도 과천시 별양동,별양동
4129011000,3,4129000000,경기도 과천시 부림동,부림동
4131000000,2,4100000000,경기도 구리시,구리시
4131010100,3,4131000000,경기도 구리시 갈매동,갈매동
4131010200,3,4131000000,경기도 구리시 사노동,사노동
4131010300,3,4131000000,경기도 구리시 인창동,인창동
4131010400,3,4131000000,경기도 구리시 교문동,교문동
4131010500,3,4131000000,경기도 구리시 수택동,수택동
4131010600,3,4131000000,경기도 구리시 아천동,아천동
4131010700,3,4131000000,경기도 구리시 토평동,토평동
4136000000,2,4100000000,경기도 남양주시,남양주시
4136010100,3,4136000000,경기도 남양주시 호평동,호평동
4136010200,3,4136000000,경기도 남양주시 평내동,평내동
4136010300,3,4136000000,경기도 남양주시 금곡동,금곡동
4136010400,3,4136000000,경기도 남양주시 일패동,일패동
4136010500,3,4136000000,경기도 남양주시 이패동,이패동
4136010600,3,4136000000,경기도 남양주시 삼패동,삼패동
4136010800,3,4136000000,경기도 남양주시 수석동,수석동
4136010900,3,4136000000,경기도 남양주시 지금동,지금동
4136011000,3,4136000000,경기도 남양주시 도농동,도농동
4136011100,3,4136000000,경기도 남양주시 별내동,별내동
4136011200,3,4136000000,경기도 남양주시 다산동,다산동
4136025000,3,4136000000,경기도 남양주시 와부읍,와부읍
4136025300,3,4136000000,경기도 남양주시 진접읍,진접읍
4136025600,3,4136000000,경기도 남양주시 화도읍,화도읍
4136025900,3,4136000000,경기도 남양주시 진건읍,진건읍
4136026200,3,4136000000,경기도 남양주시 오남읍,오남읍
4136026500,3,4136000000,경기도 남양주시 퇴계원읍,퇴계원읍
4136031000,3,4136000000,경기도 남양주시 별내면,별내면
4136034000,3,4136000000,경기도 남양주시 수동면,수동면
4136036000,3,4136000000,경기도 남양주시 조안면,조안면
4137000000,2,4100000000,경기도 오산시,오산시
4137010100,3,4137000000,경기도 오산시 오산동,오산동
4137010200,3,4137000000,경기도 오산시 부산동,부산동
4137010300,3,4137000000,경기도 오산시 원동,원동
4137010400,3,4137000000,경기도 오산시 궐동,궐동
4137010500,3,4137000000,경기도 오산시 청학동,청학동
4137010600,3,4137000000,경기도 오산시 가장동,가장동
4137010700,3,4137000000,경기도 오산시 금암동,금암동
4137010800,3,4137000000,경기도 오산시 수청동,수청동
4137010900,3,4137000000,경기도 오산시 은계동,은계동
4137011000,3,4137000000,경기도 오산시 내삼미동,내삼미동
4137011100,3,4137000000,경기도 오산시 외삼미동,외삼미동
4137011200,3,4137000000,경기도 오산시 양산동,양산동
4137011300,3,4137000000,경기도 오산시 세교동,세교동
4137011400,3,4137000000,경기도 오산시 지곶동,지곶동
4137011500,3,4137000000,경기도 오산시 서랑동,서랑동
4137011600,3,4137000000,경기도 오산시 서동,서동
4137011700,3,4137000000,경기도 오산시 벌음동,벌음동
4137011800,3,4137000000,경기도 오산시 두곡동,두곡동
4137011900,3,4137000000,경기도 오산시 탑동,탑동
4137012000,3,4137000000,경기도 오산시 누읍동,누읍동
4137012100,3,4137000000,경기도 오산시 가수동,가수동
4137012200,3,4137000000,경기도 오산시 고현동,고현동
4137012300,3,4137000000,경기도 오산시 청호동,청호동
4137012400,3,4137000000,경기도 오산시 갈곶동,갈곶동
4139000000,2,4100000000,경기도 시흥시,시흥시
4139010100,3,4139000000,경기도 시흥시 대야동,대야동
4139010200,3,4139000000,경기도 시흥시 신천동,신천동
4139010300,3,4139000000,경기도 시흥시 방산동,방산동
4139010400,3,4139000000,경기도 시흥시 포동,포동
4139010500,3,4139000000,경기도 시흥시 미산동,미산동
4139010600,3,4139000000,경기도 시흥시 은행동,은행동
4139010700,3,4139000000,경기도 시흥시 안현동,안현동
4139010800,3,4139000000,경기도 시흥시 매화동,매화동
4139010900,3,4139000000,경기도 시흥시 도창동,도창동
4139011000,3,4139000000,경기도 시흥시 금이동,금이동
4139011200,3,4139000000,경기도 시흥시 과림동,과림동
4139011300,3,4139000000,경기도 시흥시 계수동,계수동
4139011700,3,4139000000,경기도 시흥시 화정동,화정동
4139011800,3,4139000000,경기도 시흥시 능곡동,능곡동
4139011900,3,4139000000,경기도 시흥시 하중동,하중동
4139012000,3,4139000000,경기도 시흥시 하상동,하상동
4139012100,3,4139000000,경기도 시흥시 광석동,광석동
4139012200,3,4139000000,경기도 시흥시 물왕동,물왕동
4139012300,3,4139000000,경기도 시흥시 산현동,산현동
4139012400,3,4139000000,경기도 시흥시 조남동,조남동
4139012500,3,4139000000,경기도 시흥시 논곡동,논곡동
4139012600,3,4139000000,경기도 시흥시 목감동,목감동
4139012700,3,4139000000,경기도 시흥시 거모동,거모동
4139012800,3,4139000000,경기도 시흥시 군자동,군자동
4139012900,3,4139000000,경기도 시흥시 장현동,장현동
4139013000,3,4139000000,경기도 시흥시 장곡동,장곡동
4139013100,3,4139000000,경기도 시흥시 월곶동,월곶동
4139013200,3,4139000000,경기도 시흥시 정왕동,정왕동
4139013300,3,4139000000,경기도 시흥시 죽율동,죽율동
4139013400,3,4139000000,경기도 시흥시 무지내동,무지내동
4139013500,3,4139000000,경기도 시흥시 배곧동,배곧동
4141000000,2,4100000000,경기도 군포시,군포시
4141010100,3,4141000000,경기도 군포시 당동,당동
4141010200,3,4141000000,경기도 군포시 당정동,당정동
4141010300,3,4141000000,경기도 군포시 부곡동,부곡동
4141010400,3,4141000000,경기도 군포시 산본동,산본동
4141010500,3,4141000000,경기도 군포시 금정동,금정동
4141010600,3,4141000000,경기도 군포시 둔대동,둔대동
4141010700,3,4141000000,경기도 군포시 속달동,속달동
4141010800,3,4141000000,경기도 군포시 대야미동,대야미동
4141010900,3,4141000000,경기도 군포시 도마교동,도마교동
4143000000,2,4100000000,경기도 의왕시,의왕시
4143010100,3,4143000000,경기도 의왕시 고천동,고천동
4143010200,3,4143000000,경기도 의왕시 이동,이동
4143010300,3,4143000000,경기도 의왕시 삼동,삼동
4143010400,3,4143000000,경기도 의왕시 왕곡동,왕곡동
4143010500,3,4143000000,경기도 의왕시 오전동,오전동
4143010600,3,4143000000,경기도 의왕시 학의동,학의동
4143010700,3,4143000000,경기도 의왕시 내손동,내손동
4143010800,3,4143000000,경기도 의왕시 청계동,청계동
4143010900,3,4143000000,경기도 의왕시 포일동,포일동
4143011000,3,4143000000,경기도 의왕시 월암동,월암동
4143011100,3,4143000000,경기도 의왕시 초평동,초평동
4145000000,2,4100000000,경기도 하남시,하남시
4145010100,3,4145000000,경기도 하남시 천현동,천현동
4145010200,3,4145000000,경기도 하남시 하산곡동,하산곡동
4145010300,3,4145000000,경기도 하남시 창우동,창우동
4145010400,3,4145000000,경기도 하남시 배알미동,배알미동
4145010500,3,4145000000,경기도 하남시 상산곡동,상산곡동
4145010600,3,4145000000,경기도 하남시 신장동,신장동
4145010700,3,4145000000,경기도 하남시 당정동,당정동
4145010800,3,4145000000,경기도 하남시 덕풍동,덕풍동
4145010900,3,4145000000,경기도 하남시 망월동,망월동
4145011000,3,4145000000,경기도 하남시 풍산동,풍산동
4145011100,3,4145000000,경기도 하남시 미사동,미사동
4145011200,3,4145000000,경기도 하남시 선동,선동
4145011300,3,4145000000,경기도 하남시 감북동,감북동
4145011400,3,4145000000,경기도 하남시 감일동,감일동
4145011500,3,4145000000,경기도 하남시 감이동,감이동
4145011600,3,4145000000,경기도 하남시 학암동,학암동
4145011700,3,4145000000,경기도 하남시 교산동,교산동
4145011800,3,4145000000,경기도 하남시 춘궁동,춘궁동
4145011900,3,4145000000,경기도 하남시 하사창동,하사창동
4145012000,3,4145000000,경기도 하남시 상사창동,상사창동
4145012100,3,4145000000,경기도 하남시 항동,항동
4145012200,3,4145000000,경기도 하남시 초일동,초일동
4145012300,3,4145000000,경기도 하남시 초이동,초이동
4145012400,3,4145000000,경기도 하남시 광암동,광암동
4146100000,2,4100000000,경기도 용인시 처인구,용인시 처인구
4146110100,3,4146100000,경기도 용인시 처인구 김량장동,김량장동
4146110200,3,4146100000,경기도 용인시 처인구 역북동,역북동
4146110300,3,4146100000,경기도 용인시 처인구 삼가동,삼가동
4146110400,3,4146100000,경기도 용인시 처인구 남동,남동
4146110500,3,4146100000,경기도 용인시 처인구 유방동,유방동
4146110600,3,4146100000,경기도 용인시 처인구 고림동,고림동
4146110700,3,4146100000,경기도 용인시 처인구 마평동,마평동
4146110800,3,4146100000,경기도 용인시 처인구 운학동,운학동
4146110900,3,4146100000,경기도 용인시 처인구 호동,호동
4146111000,3,4146100000,경기도 용인시 처인구 해곡동,해곡동
4146125000,3,4146100000,경기도 용인시 처인구 포곡읍,포곡읍
4146125300,3,4146100000,경기도 용인시 처인구 모현읍,모현읍
4146125600,3,4146100000,경기도 용인시 처인구 이동읍,이동읍
4146125900,3,4146100000,경기도 용인시 처인구 남사읍,남사읍
4146126200,3,4146100000,경기도 용인시 처인구 양지읍,양지읍
4146134000,3,4146100000,경기도 용인시 처인구 원삼면,원삼면
4146135000,3,4146100000,경기도 용인시 처인구 백암면,백암면
4146300000,2,4100000000,경기도 용인시 기흥구,용인시 기흥구
4146310100,3,4146300000,경기도 용인시 기흥구 신갈동,신갈동
4146310200,3,4146300000,경기도 용인시 기흥구 구갈동,구갈동
4146310300,3,4146300000,경기도 용인시 기흥구 상갈동,상갈동
4146310400,3,4146300000,경기도 용인시 기흥구 하갈동,하갈동
4146310500,3,4146300000,경기도 용인시 기흥구 보라동,보라동
4146310600,3,4146300000,경기도 용인시 기흥구 지곡동,지곡동
4146310700,3,4146300000,경기도 용인시 기흥구 공세동,공세동
4146310800,3,4146300000,경기도 용인시 기흥구 고매동,고매동
4146310900,3,4146300000,경기도 용인시 기흥구 농서동,농서동
4146311000,3,4146300000,경기도 용인시 기흥구 서천동,서천동
4146311100,3,4146300000,경기도 용인시 기흥구 영덕동,영덕동
4146311200,3,4146300000,경기도 용인시 기흥구 언남동,언남동
4146311300,3,4146300000,경기도 용인시 기흥구 마북동,마북동
4146311400,3,4146300000,경기도 용인시 기흥구 청덕동,청덕동
4146311500,3,4146300000,경기도 용인시 기흥구 동백동,동백동
4146311600,3,4146300000,경기도 용인시 기흥구 중동,중동
4146311700,3,4146300000,경기도 용인시 기흥구 상하동,상하동
4146311800,3,4146300000,경기도 용인시 기흥구 보정동,보정동
4146500000,2,4100000000,경기도 용인시 수지구,용인시 수지구
4146510100,3,4146500000,경기도 용인시 수지구 풍덕천동,풍덕천동
4146510200,3,4146500000,경기도 용인시 수지구 죽전동,죽전동
4146510300,3,4146500000,경기도 용인시 수지구 동천동,동천동
4146510400,3,4146500000,경기도 용인시 수지구 고기동,고기동
4146510500,3,4146500000,경기도 용인시 수지구 신봉동,신봉동
4146510600,3,4146500000,경기도 용인시 수지구 성복동,성복동
4146510700,3,4146500000,경기도 용인시 수지구 상현동,상현동
4148000000,2,4100000000,경기도 파주시,파주시
4148010100,3,4148000000,경기도 파주시 금촌동,금촌동
4148010200,3,4148000000,경기도 파주시 아동동,아동동
4148010400,3,4148000000,경기도 파주시 야동동,야동동
4148010500,3,4148000000,경기도 파주시 검산동,검산동
4148010600,3,4148000000,경기도 파주시 맥금동,맥금동
4148010700,3,4148000000,경기도 파주시 교하동,교하동
4148010800,3,4148000000,경기도 파주시 야당동,야당동
4148010900,3,4148000000,경기도 파주시 다율동,다율동
4148011000,3,4148000000,경기도 파주시 오도동,오도동
4148011100,3,4148000000,경기도 파주시 상지석동,상지석동
4148011200,3,4148000000,경기도 파주시 산남동,산남동
4148011300,3,4148000000,경기도 파주시 동패동,동패동
4148011400,3,4148000000,경기도 파주시 당하동,당하동
4148011500,3,4148000000,경기도 파주시 문발동,문발동
4148011600,3,4148000000,경기도 파주시 송촌동,송촌동
4148011700,3,4148000000,경기도 파주시 목동동,목동동
4148011800,3,4148000000,경기도 파주시 하지석동,하지석동
4148011900,3,4148000000,경기도 파주시 서패동,서패동
4148012000,3,4148000000,경기도 파주시 신촌동,신촌동
4148012100,3,4148000000,경기도 파주시 연다산동,연다산동
4148012200,3,4148000000,경기도 파주시 와동동,와동동
4148012300,3,4148000000,경기도 파주시 금릉동,금릉동
4148025000,3,4148000000,경기도 파주시 문산읍,문산읍
4148025300,3,4148000000,경기도 파주시 파주읍,파주읍
4148025600,3,4148000000,경기도 파주시 법원읍,법원읍
4148026200,3,4148000000,경기도 파주시 조리읍,조리읍
4148031000,3,4148000000,경기도 파주시 월롱면,월롱면
4148032000,3,4148000000,경기도 파주시 탄현면,탄현면
4148035000,3,4148000000,경기도 파주시 광탄면,광탄면
4148036000,3,4148000000,경기도 파주시 파평면,파평면
4148037000,3,4148000000,경기도 파주시 적성면,적성면
4148038000,3,4148000000,경기도 파주시 군내면,군내면
4148039000,3,4148000000,경기도 파주시 장단면,장단면
4148040000,3,4148000000,경기도 파주시 진동면,진동면
4148041000,3,4148000000,경기도 파주시 진서면,진서면
4150000000,2,4100000000,경기도 이천시,이천시
4150010100,3,4150000000,경기도 이천시 창전동,창전동
4150010200,3,4150000000,경기도 이천시 관고동,관고동
4150010300,3,4150000000,경기도 이천시 중리동,중리동
4150010400,3,4150000000,경기도 이천시 증일동,증일동
4150010500,3,4150000000,경기도 이천시 율현동,율현동
4150010600,3,4150000000,경기도 이천시 진리동,진리동
4150010700,3,4150000000,경기도 이천시 안흥동,안흥동
4150010800,3,4150000000,경기도 이천시 갈산동,갈산동
4150010900,3,4150000000,경기도 이천시 증포동,증포동
4150011000,3,4150000000,경기도 이천시 송정동,송정동
4150011100,3,4150000000,경기도 이천시 사음동,사음동
4150011200,3,4150000000,경기도 이천시 단월동,단월동
4150011300,3,4150000000,경기도 이천시 대포동,대포동
4150011400,3,4150000000,경기도 이천시 고담동,고담동
4150011500,3,4150000000,경기도 이천시 장록동,장록동
4150025000,3,4150000000,경기도 이천시 장호원읍,장호원읍
4150025300,3,4150000000,경기도 이천시 부발읍,부발읍
4150031000,3,4150000000,경기도 이천시 신둔면,신둔면
4150032000,3,4150000000,경기도 이천시 백사면,백사면
4150033000,3,4150000000,경기도 이천시 호법면,호법면
4150034000,3,4150000000,경기도 이천시 마장면,마장면
4150035000,3,4150000000,경기도 이천시 대월면,대월면
4150036000,3,4150000000,경기도 이천시 모가면,모가면
4150037000,3,4150000000,경기도 이천시 설성면,설성면
4150038000,3,4150000000,경기도 이천시 율면,율면
4155000000,2,4100000000,경기도 안성시,안성시
4155010100,3,4155000000,경기도 안성시 봉산동,봉산동
4155010200,3,4155000000,경기도 안성시 숭인동,숭인동
4155010300,3,4155000000,경기도 안성시 영동,영동
4155010400,3,4155000000,경기도 안성시 봉남동,봉남동
4155010500,3,4155000000,경기도 안성시 구포동,구포동
4155010600,3,4155000000,경기도 안성시 동본동,동본동
4155010700,3,4155000000,경기도 안성시 명륜동,명륜동
4155010800,3,4155000000,경기도 안성시 옥천동,옥천동
4155010900,3,4155000000,경기도 안성시 낙원동,낙원동
4155011000,3,4155000000,경기도 안성시 창전동,창전동
4155011100,3,4155000000,경기도 안성시 성남동,성남동
4155011200,3,4155000000,경기도 안성시 신흥동,신흥동
4155011300,3,4155000000,경기도 안성시 인지동,인지동
4155011400,3,4155000000,경기도 안성시 금산동,금산동
4155011500,3,4155000000,경기도 안성시 연지동,연지동
4155011600,3,4155000000,경기도 안성시 대천동,대천동
4155011700,3,4155000000,경기도 안성시 서인동,서인동
4155011800,3,4155000000,경기도 안성시 석정동,석정동
4155011900,3,4155000000,경기도 안성시 아양동,아양동
4155012000,3,4155000000,경기도 안성시 금석동,금석동
4155012100,3,4155000000,경기도 안성시 계동,계동
4155012200,3,4155000000,경기도 안성시 옥산동,옥산동
4155012300,3,4155000000,경기도 안성시 사곡동,사곡동
4155012400,3,4155000000,경기도 안성시 도기동,도기동
4155012500,3,4155000000,경기도 안성시 당왕동,당왕동
4155012600,3,4155000000,경기도 안성시 가사동,가사동
4155012700,3,4155000000,경기도 안성시 가현동,가현동
4155012800,3,4155000000,경기도 안성시 신건지동,신건지동
4155012900,3,4155000000,경기도 안성시 신소현동,신소현동
4155013000,3,4155000000,경기도 안성시 신모산동,신모산동
4155013100,3,4155000000,경기도 안성시 현수동,현수동
4155013200,3,4155000000,경기도 안성시 발화동,발화동
4155013300,3,4155000000,경기도 안성시 중리동,중리동
4155025000,3,4155000000,경기도 안성시 공도읍,공도읍
4155031000,3,4155000000,경기도 안성시 보개면,보개면
4155032000,3,4155000000,경기도 안성시 금광면,금광면
4155033000,3,4155000000,경기도 안성시 서운면,서운면
4155034000,3,4155000000,경기도 안성시 미양면,미양면
4155035000,3,4155000000,경기도 안성시 대덕면,대덕면
4155036000,3,4155000000,경기도 안성시 양성면,양성면
4155038000,3,4155000000,경기도 안성시 원곡면,원곡면
4155039000,3,4155000000,경기도 안성시 일죽면,일죽면
4155040000,3,4155000000,경기도 안성시 죽산면,죽산면
4155041000,3,4155000000,경기도 안성시 삼죽면,삼죽면
4155042000,3,4155000000,경기도 안성시 고삼면,고삼면
4157000000,2,4100000000,경기도 김포시,김포시
4157010100,3,4157000000,경기도 김포시 북변동,북변동
4157010200,3,4157000000,경기도 김포시 걸포동,걸포동
4157010300,3,4157000000,경기도 김포시 운양동,운양동
4157010400,3,4157000000,경기도 김포시 장기동,장기동
4157010500,3,4157000000,경기도 김포시 감정동,감정동
4157010600,3,4157000000,경기도 김포시 사우동,사우동
4157010700,3,4157000000,경기도 김포시 풍무동,풍무동
4157010800,3,4157000000,경기도 김포시 마산동,마산동
4157010900,3,4157000000,경기도 김포시 구래동,구래동
4157025000,3,4157000000,경기도 김포시 통진읍,통진읍
4157025300,3,4157000000,경기도 김포시 고촌읍,고촌읍
4157025600,3,4157000000,경기도 김포시 양촌읍,양촌읍
4157034000,3,4157000000,경기도 김포시 대곶면,대곶면
4157035000,3,4157000000,경기도 김포시 월곶면,월곶면
4157036000,3,4157000000,경기도 김포시 하성면,하성면
4159100000,2,4100000000,경기도 화성시 만세구,화성시 만세구
4159110100,3,4159100000,경기도 화성시 만세구 새솔동,새솔동
4159125000,3,4159100000,경기도 화성시 만세구 우정읍,우정읍
4159125300,3,4159100000,경기도 화성시 만세구 향남읍,향남읍
4159125600,3,4159100000,경기도 화성시 만세구 남양읍,남양읍
4159131000,3,4159100000,경기도 화성시 만세구 마도면,마도면
4159132000,3,4159100000,경기도 화성시 만세구 송산면,송산면
4159133000,3,4159100000,경기도 화성시 만세구 서신면,서신면
4159134000,3,4159100000,경기도 화성시 만세구 팔탄면,팔탄면
4159135000,3,4159100000,경기도 화성시 만세구 장안면,장안면
4159136000,3,4159100000,경기도 화성시 만세구 양감면,양감면
4159300000,2,4100000000,경기도 화성시 효행구,화성시 효행구
4159310100,3,4159300000,경기도 화성시 효행구 배양동,배양동
4159310200,3,4159300000,경기도 화성시 효행구 기안동,기안동
4159325000,3,4159300000,경기도 화성시 효행구 봉담읍,봉담읍
4159331000,3,4159300000,경기도 화성시 효행구 매송면,매송면
4159332000,3,4159300000,경기도 화성시 효행구 비봉면,비봉면
4159333000,3,4159300000,경기도 화성시 효행구 정남면,정남면
4159500000,2,4100000000,경기도 화성시 병점구,화성시 병점구
4159510100,3,4159500000,경기도 화성시 병점구 진안동,진안동
4159510200,3,4159500000,경기도 화성시 병점구 병점동,병점동
4159510300,3,4159500000,경기도 화성시 병점구 능동,능동
4159510400,3,4159500000,경기도 화성시 병점구 기산동,기산동
4159510500,3,4159500000,경기도 화성시 병점구 반월동,반월동
4159510600,3,4159500000,경기도 화성시 병점구 반정동,반정동
4159510700,3,4159500000,경기도 화성시 병점구 황계동,황계동
4159510800,3,4159500000,경기도 화성시 병점구 송산동,송산동
4159510900,3,4159500000,경기도 화성시 병점구 안녕동,안녕동
4159700000,2,4100000000,경기도 화성시 동탄구,화성시 동탄구
4159710100,3,4159700000,경기도 화성시 동탄구 능동,능동
4159710200,3,4159700000,경기도 화성시 동탄구 반송동,반송동
4159710300,3,4159700000,경기도 화성시 동탄구 석우동,석우동
4159710500,3,4159700000,경기도 화성시 동탄구 청계동,청계동
4159710600,3,4159700000,경기도 화성시 동탄구 영천동,영천동
4159710700,3,4159700000,경기도 화성시 동탄구 중동,중동
4159710800,3,4159700000,경기도 화성시 동탄구 신동,신동
4159710900,3,4159700000,경기도 화성시 동탄구 목동,목동
4159711000,3,4159700000,경기도 화성시 동탄구 산척동,산척동
4159711100,3,4159700000,경기도 화성시 동탄구 장지동,장지동
4159711200,3,4159700000,경기도 화성시 동탄구 송동,송동
4159711300,3,4159700000,경기도 화성시 동탄구 방교동,방교동
4159711400,3,4159700000,경기도 화성시 동탄구 금곡동,금곡동
4159711500,3,4159700000,경기도 화성시 동탄구 여울동,여울동
4161000000,2,4100000000,경기도 광주시,광주시
4161010100,3,4161000000,경기도 광주시 경안동,경안동
4161010200,3,4161000000,경기도 광주시 쌍령동,쌍령동
4161010300,3,4161000000,경기도 광주시 송정동,송정동
4161010400,3,4161000000,경기도 광주시 회덕동,회덕동
4161010500,3,4161000000,경기도 광주시 탄벌동,탄벌동
4161010600,3,4161000000,경기도 광주시 목현동,목현동
4161010700,3,4161000000,경기도 광주시 삼동,삼동
4161010800,3,4161000000,경기도 광주시 중대동,중대동
4161010900,3,4161000000,경기도 광주시 직동,직동
4161011000,3,4161000000,경기도 광주시 태전동,태전동
4161011100,3,4161000000,경기도 광주시 장지동,장지동
4161011200,3,4161000000,경기도 광주시 역동,역동
4161011300,3,4161000000,경기도 광주시 목동,목동
4161011400,3,4161000000,경기도 광주시 고산동,고산동
4161011500,3,4161000000,경기도 광주시 신현동,신현동
4161011600,3,4161000000,경기도 광주시 능평동,능평동
4161011700,3,4161000000,경기도 광주시 문형동,문형동
4161011800,3,4161000000,경기도 광주시 추자동,추자동
4161011900,3,4161000000,경기도 광주시 매산동,매산동
4161012000,3,4161000000,경기도 광주시 양벌동,양벌동
4161025300,3,4161000000,경기도 광주시 초월읍,초월읍
4161025900,3,4161000000,경기도 광주시 곤지암읍,곤지암읍
4161033000,3,4161000000,경기도 광주시 도척면,도척면
4161034000,3,4161000000,경기도 광주시 퇴촌면,퇴촌면
4161035000,3,4161000000,경기도 광주시 남종면,남종면
4161037000,3,4161000000,경기도 광주시 남한산성면,남한산성면
4163000000,2,4100000000,경기도 양주시,양주시
4163010100,3,4163000000,경기도 양주시 유양동,유양동
4163010200,3,4163000000,경기도 양주시 어둔동,어둔동
4163010300,3,4163000000,경기도 양주시 남방동,남방동
4163010400,3,4163000000,경기도 양주시 마전동,마전동
4163010500,3,4163000000,경기도 양주시 산북동,산북동
4163010600,3,4163000000,경기도 양주시 광사동,광사동
4163010700,3,4163000000,경기도 양주시 만송동,만송동
4163010800,3,4163000000,경기도 양주시 삼숭동,삼숭동
4163010900,3,4163000000,경기도 양주시 고읍동,고읍동
4163011000,3,4163000000,경기도 양주시 덕정동,덕정동
4163011100,3,4163000000,경기도 양주시 봉양동,봉양동
4163011200,3,4163000000,경기도 양주시 회암동,회암동
4163011300,3,4163000000,경기도 양주시 율정동,율정동
4163011400,3,4163000000,경기도 양주시 옥정동,옥정동
4163011500,3,4163000000,경기도 양주시 고암동,고암동
4163011600,3,4163000000,경기도 양주시 덕계동,덕계동
4163011700,3,4163000000,경기도 양주시 회정동,회정동
4163025000,3,4163000000,경기도 양주시 백석읍,백석읍
4163031000,3,4163000000,경기도 양주시 은현면,은현면
4163032000,3,4163000000,경기도 양주시 남면,남면
4163033000,3,4163000000,경기도 양주시 광적면,광적면
4163034000,3,4163000000,경기도 양주시 장흥면,장흥면
4165000000,2,4100000000,경기도 포천시,포천시
4165010100,3,4165000000,경기도 포천시 신읍동,신읍동
4165010200,3,4165000000,경기도 포천시 어룡동,어룡동
4165010300,3,4165000000,경기도 포천시 자작동,자작동
4165010400,3,4165000000,경기도 포천시 선단동,선단동
4165010500,3,4165000000,경기도 포천시 설운동,설운동
4165010600,3,4165000000,경기도 포천시 동교동,동교동
4165025000,3,4165000000,경기도 포천시 소흘읍,소흘읍
4165031000,3,4165000000,경기도 포천시 군내면,군내면
4165032000,3,4165000000,경기도 포천시 내촌면,내촌면
4165033000,3,4165000000,경기도 포천시 가산면,가산면
4165034000,3,4165000000,경기도 포천시 신북면,신북면
4165035000,3,4165000000,경기도 포천시 창수면,창수면
4165036000,3,4165000000,경기도 포천시 영중면,영중면
4165037000,3,4165000000,경기도 포천시 일동면,일동면
4165038000,3,4165000000,경기도 포천시 이동면,이동면
4165039000,3,4165000000,경기도 포천시 영북면,영북면
4165040000,3,4165000000,경기도 포천시 관인면,관인면
4165041000,3,4165000000,경기도 포천시 화현면,화현면
4167000000,2,4100000000,경기도 여주시,여주시
4167010100,3,4167000000,경기도 여주시 상동,상동
4167010200,3,4167000000,경기도 여주시 홍문동,홍문동
4167010300,3,4167000000,경기도 여주시 창동,창동
4167010400,3,4167000000,경기도 여주시 우만동,우만동
4167010500,3,4167000000,경기도 여주시 단현동,단현동
4167010600,3,4167000000,경기도 여주시 신진동,신진동
4167010700,3,4167000000,경기도 여주시 하동,하동
4167010800,3,4167000000,경기도 여주시 교동,교동
4167010900,3,4167000000,경기도 여주시 월송동,월송동
4167011000,3,4167000000,경기도 여주시 가업동,가업동
4167011100,3,4167000000,경기도 여주시 연라동,연라동
4167011200,3,4167000000,경기도 여주시 상거동,상거동
4167011300,3,4167000000,경기도 여주시 하거동,하거동
4167011400,3,4167000000,경기도 여주시 삼교동,삼교동
4167011500,3,4167000000,경기도 여주시 점봉동,점봉동
4167011600,3,4167000000,경기도 여주시 능현동,능현동
4167011700,3,4167000000,경기도 여주시 멱곡동,멱곡동
4167011800,3,4167000000,경기도 여주시 연양동,연양동
4167011900,3,4167000000,경기도 여주시 매룡동,매룡동
4167012000,3,4167000000,경기도 여주시 천송동,천송동
4167012100,3,4167000000,경기도 여주시 오학동,오학동
4167012200,3,4167000000,경기도 여주시 현암동,현암동
4167012300,3,4167000000,경기도 여주시 오금동,오금동
4167025000,3,4167000000,경기도 여주시 가남읍,가남읍
4167031000,3,4167000000,경기도 여주시 점동면,점동면
4167032000,3,4167000000,경기도 여주시 흥천면,흥천면
4167033000,3,4167000000,경기도 여주시 금사면,금사면
4167034500,3,4167000000,경기도 여주시 세종대왕면,세종대왕면
4167035000,3,4167000000,경기도 여주시 대신면,대신면
4167036000,3,4167000000,경기도 여주시 북내면,북내면
4167037000,3,4167000000,경기도 여주시 강천면,강천면
4167038000,3,4167000000,경기도 여주시 산북면,산북면
4180000000,2,4100000000,경기도 연천군,연천군
4180025000,3,4180000000,경기도 연천군 연천읍,연천읍
4180025300,3,4180000000,경기도 연천군 전곡읍,전곡읍
4180031000,3,4180000000,경기도 연천군 군남면,군남면
4180032000,3,4180000000,경기도 연천군 청산면,청산면
4180033000,3,4180000000,경기도 연천군 백학면,백학면
4180034000,3,4180000000,경기도 연천군 미산면,미산면
4180035000,3,4180000000,경기도 연천군 왕징면,왕징면
4180036000,3,4180000000,경기도 연천군 신서면,신서면
4180037000,3,4180000000,경기도 연천군 중면,중면
4180038000,3,4180000000,경기도 연천군 장남면,장남면
4182000000,2,4100000000,경기도 가평군,가평군
4182025000,3,4182000000,경기도 가평군 가평읍,가평읍
4182031000,3,4182000000,경기도 가평군 설악면,설악면
4182032500,3,4182000000,경기도 가평군 청평면,청평면
4182033000,3,4182000000,경기도 가평군 상면,상면
4182034500,3,4182000000,경기도 가평군 조종면,조종면
4182035000,3,4182000000,경기도 가평군 북면,북면
4183000000,2,4100000000,경기도 양평군,양평군
4183025000,3,4183000000,경기도 양평군 양평읍,양평읍
4183031000,3,4183000000,경기도 양평군 강상면,강상면
4183032000,3,4183000000,경기도 양평군 강하면,강하면
4183033000,3,4183000000,경기도 양평군 양서면,양서면
4183034000,3,4183000000,경기도 양평군 옥천면,옥천면
4183035000,3,4183000000,경기도 양평군 서종면,서종면
4183036000,3,4183000000,경기도 양평군 단월면,단월면
4183037000,3,4183000000,경기도 양평군 청운면,청운면
4183038000,3,4183000000,경기도 양평군 양동면,양동면
4183039500,3,4183000000,경기도 양평군 지평면,지평면
4183040000,3,4183000000,경기도 양평군 용문면,용문면
4183041000,3,4183000000,경기도 양평군 개군면,개군면
4300000000,1,,충청북도,충청북도
4311100000,2,4300000000,충청북도 청주시 상당구,청주시 상당구
4311110100,3,4311100000,충청북도 청주시 상당구 영동,영동
4311110200,3,4311100000,충청북도 청주시 상당구 북문로1가,북문로1가
4311110300,3,4311100000,충청북도 청주시 상당구 북문로2가,북문로2가
4311110400,3,4311100000,충청북도 청주시 상당구 북문로3가,북문로3가
4311110500,3,4311100000,충청북도 청주시 상당구 남문로1가,남문로1가
4311110600,3,4311100000,충청북도 청주시 상당구 남문로2가,남문로2가
4311110700,3,4311100000,충청북도 청주시 상당구 문화동,문화동
4311110800,3,4311100000,충청북도 청주시 상당구 서운동,서운동
4311110900,3,4311100000,충청북도 청주시 상당구 서문동,서문동
4311111000,3,4311100000,충청북도 청주시 상당구 남주동,남주동
4311111100,3,4311100000,충청북도 청주시 상당구 석교동,석교동
4311111200,3,4311100000,충청북도 청주시 상당구 수동,수동
4311111700,3,4311100000,충청북도 청주시 상당구 탑동,탑동
4311111800,3,4311100000,충청북도 청주시 상당구 대성동,대성동
4311111900,3,4311100000,충청북도 청주시 상당구 영운동,영운동
4311112000,3,4311100000,충청북도 청주시 상당구 금천동,금천동
4311112100,3,4311100000,충청북도 청주시 상당구 용담동,용담동
4311112200,3,4311100000,충청북도 청주시 상당구 명암동,명암동
4311112300,3,4311100000,충청북도 청주시 상당구 산성동,산성동
4311112400,3,4311100000,충청북도 청주시 상당구 용암동,용암동
4311112500,3,4311100000,충청북도 청주시 상당구 용정동,용정동
4311112600,3,4311100000,충청북도 청주시 상당구 방서동,방서동
4311112700,3,4311100000,충청북도 청주시 상당구 평촌동,평촌동
4311112800,3,4311100000,충청북도 청주시 상당구 지북동,지북동
4311112900,3,4311100000,충청북도 청주시 상당구 운동동,운동동
4311113000,3,4311100000,충청북도 청주시 상당구 월오동,월오동
4311131000,3,4311100000,충청북도 청주시 상당구 낭성면,낭성면
4311132000,3,4311100000,충청북도 청주시 상당구 미원면,미원면
4311133000,3,4311100000,충청북도 청주시 상당구 가덕면,가덕면
4311134000,3,4311100000,충청북도 청주시 상당구 남일면,남일면
4311135000,3,4311100000,충청북도 청주시 상당구 문의면,문의면
4311200000,2,4300000000,충청북도 청주시 서원구,청주시 서원구
4311210100,3,4311200000,충청북도 청주시 서원구 사직동,사직동
4311210200,3,4311200000,충청북도 청주시 서원구 사창동,사창동
4311210300,3,4311200000,충청북도 청주시 서원구 모충동,모충동
4311210400,3,4311200000,충청북도 청주시 서원구 산남동,산남동
4311210500,3,4311200000,충청북도 청주시 서원구 미평동,미평동
4311210600,3,4311200000,충청북도 청주시 서원구 분평동,분평동
4311210700,3,4311200000,충청북도 청주시 서원구 수곡동,수곡동
4311210800,3,4311200000,충청북도 청주시 서원구 성화동,성화동
4311210900,3,4311200000,충청북도 청주시 서원구 개신동,개신동
4311211000,3,4311200000,충청북도 청주시 서원구 죽림동,죽림동
4311211100,3,4311200000,충청북도 청주시 서원구 장성동,장성동
4311211200,3,4311200000,충청북도 청주시 서원구 장암동,장암동
4311231000,3,4311200000,충청북도 청주시 서원구 남이면,남이면
4311232000,3,4311200000,충청북도 청주시 서원구 현도면,현도면
4311300000,2,4300000000,충청북도 청주시 흥덕구,청주시 흥덕구
4311310400,3,4311300000,충청북도 청주시 흥덕구 운천동,운천동
4311310500,3,4311300000,충청북도 청주시 흥덕구 신봉동,신봉동
4311311300,3,4311300000,충청북도 청주시 흥덕구 가경동,가경동
4311311400,3,4311300000,충청북도 청주시 흥덕구 복대동,복대동
4311311500,3,4311300000,충청북도 청주시 흥덕구 봉명동,봉명동
4311311600,3,4311300000,충청북도 청주시 흥덕구 송정동,송정동
4311311700,3,4311300000,충청북도 청주시 흥덕구 강서동,강서동
4311311800,3,4311300000,충청북도 청주시 흥덕구 석곡동,석곡동
4311311900,3,4311300000,충청북도 청주시 흥덕구 휴암동,휴암동
4311312000,3,4311300000,충청북도 청주시 흥덕구 신전동,신전동
4311312100,3,4311300000,충청북도 청주시 흥덕구 현암동,현암동
4311312200,3,4311300000,충청북도 청주시 흥덕구 동막동,동막동
4311312300,3,4311300000,충청북도 청주시 흥덕구 수의동,수의동
4311312400,3,4311300000,충청북도 청주시 흥덕구 지동동,지동동
4311312500,3,4311300000,충청북도 청주시 흥덕구 서촌동,서촌동
4311312600,3,4311300000,충청북도 청주시 흥덕구 신성동,신성동
4311312700,3,4311300000,충청북도 청주시 흥덕구 평동,평동
4311312800,3,4311300000,충청북도 청주시 흥덕구 신대동,신대동
4311312900,3,4311300000,충청북도 청주시 흥덕구 남촌동,남촌동
4311313000,3,4311300000,충청북도 청주시 흥덕구 내곡동,내곡동
4311313100,3,4311300000,충청북도 청주시 흥덕구 상신동,상신동
4311313200,3,4311300000,충청북도 청주시 흥덕구 원평동,원평동
4311313300,3,4311300000,충청북도 청주시 흥덕구 문암동,문암동
4311313400,3,4311300000,충청북도 청주시 흥덕구 송절동,송절동
4311313500,3,4311300000,충청북도 청주시 흥덕구 화계동,화계동
4311313600,3,4311300000,충청북도 청주시 흥덕구 외북동,외북동
4311313700,3,4311300000,충청북도 청주시 흥덕구 향정동,향정동
4311313800,3,4311300000,충청북도 청주시 흥덕구 비하동,비하동
4311313900,3,4311300000,충청북도 청주시 흥덕구 석소동,석소동
4311314000,3,4311300000,충청북도 청주시 흥덕구 정봉동,정봉동
4311314100,3,4311300000,충청북도 청주시 흥덕구 신촌동,신촌동
4311325000,3,4311300000,충청북도 청주시 흥덕구 오송읍,오송읍
4311331000,3,4311300000,충청북도 청주시 흥덕구 강내면,강내면
4311332000,3,4311300000,충청북도 청주시 흥덕구 옥산면,옥산면
4311400000,2,4300000000,충청북도 청주시 청원구,청주시 청원구
4311410100,3,4311400000,충청북도 청주시 청원구 우암동,우암동
4311410200,3,4311400000,충청북도 청주시 청원구 내덕동,내덕동
4311410300,3,4311400000,충청북도 청주시 청원구 율량동,율량동
4311410400,3,4311400000,충청북도 청주시 청원구 사천동,사천동
4311410500,3,4311400000,충청북도 청주시 청원구 주성동,주성동
4311410600,3,4311400000,충청북도 청주시 청원구 주중동,주중동
4311410700,3,4311400000,충청북도 청주시 청원구 정상동,정상동
4311410800,3,4311400000,충청북도 청주시 청원구 정하동,정하동
4311410900,3,4311400000,충청북도 청주시 청원구 정북동,정북동
4311411000,3,4311400000,충청북도 청주시 청원구 오동동,오동동
4311411100,3,4311400000,충청북도 청주시 청원구 외남동,외남동
4311411200,3,4311400000,충청북도 청주시 청원구 외평동,외평동
4311411300,3,4311400000,충청북도 청주시 청원구 외하동,외하동
4311425000,3,4311400000,충청북도 청주시 청원구 내수읍,내수읍
4311425300,3,4311400000,충청북도 청주시 청원구 오창읍,오창읍
4311431000,3,4311400000,충청북도 청주시 청원구 북이면,북이면
4313000000,2,4300000000,충청북도 충주시,충주시
4313010100,3,4313000000,충청북도 충주시 성내동,성내동
4313010200,3,4313000000,충청북도 충주시 성남동,성남동
4313010300,3,4313000000,충청북도 충주시 성서동,성서동
4313010400,3,4313000000,충청북도 충주시 충인동,충인동
4313010500,3,4313000000,충청북도 충주시 교현동,교현동
4313010600,3,4313000000,충청북도 충주시 용산동,용산동
4313010700,3,4313000000,충청북도 충주시 호암동,호암동
4313010800,3,4313000000,충청북도 충주시 직동,직동
4313010900,3,4313000000,충청북도 충주시 단월동,단월동
4313011000,3,4313000000,충청북도 충주시 풍동,풍동
4313011100,3,4313000000,충청북도 충주시 가주동,가주동
4313011200,3,4313000000,충청북도 충주시 용관동,용관동
4313011300,3,4313000000,충청북도 충주시 용두동,용두동
4313011400,3,4313000000,충청북도 충주시 달천동,달천동
4313011500,3,4313000000,충청북도 충주시 봉방동,봉방동
4313011600,3,4313000000,충청북도 충주시 칠금동,칠금동
4313011800,3,4313000000,충청북도 충주시 연수동,연수동
4313011900,3,4313000000,충청북도 충주시 목행동,목행동
4313012000,3,4313000000,충청북도 충주시 용탄동,용탄동
4313012100,3,4313000000,충청북도 충주시 종민동,종민동
4313012200,3,4313000000,충청북도 충주시 안림동,안림동
4313012300,3,4313000000,충청북도 충주시 목벌동,목벌동
4313012400,3,4313000000,충청북도 충주시 충의동,충의동
4313012500,3,4313000000,충청북도 충주시 지현동,지현동
4313012700,3,4313000000,충청북도 충주시 문화동,문화동
4313012800,3,4313000000,충청북도 충주시 금릉동,금릉동
4313025000,3,4313000000,충청북도 충주시 주덕읍,주덕읍
4313031000,3,4313000000,충청북도 충주시 살미면,살미면
4313032500,3,4313000000,충청북도 충주시 수안보면,수안보면
4313033500,3,4313000000,충청북도 충주시 대소원면,대소원면
4313035000,3,4313000000,충청북도 충주시 신니면,신니면
4313036000,3,4313000000,충청북도 충주시 노은면,노은면
4313037000,3,4313000000,충청북도 충주시 앙성면,앙성면
4313038500,3,4313000000,충청북도 충주시 중앙탑면,중앙탑면
4313039000,3,4313000000,충청북도 충주시 금가면,금가면
4313040000,3,4313000000,충청북도 충주시 동량면,동량면
4313041000,3,4313000000,충청북도 충주시 산척면,산척면
4313042000,3,4313000000,충청북도 충주시 엄정면,엄정면
4313043000,3,4313000000,충청북도 충주시 소태면,소태면
4315000000,2,4300000000,충청북도 제천시,제천시
4315010100,3,4315000000,충청북도 제천시 의림동,의림동
4315010200,3,4315000000,충청북도 제천시 서부동,서부동
4315010300,3,4315000000,충청북도 제천시 동현동,동현동
4315010400,3,4315000000,충청북도 제천시 남천동,남천동
4315010500,3,4315000000,충청북도 제천시 교동,교동
4315010600,3,4315000000,충청북도 제천시 중앙로1가,중앙로1가
4315010700,3,4315000000,충청북도 제천시 중앙로2가,중앙로2가
4315010800,3,4315000000,충청북도 제천시 명동,명동
4315010900,3,4315000000,충청북도 제천시 화산동,화산동
4315011000,3,4315000000,충청북도 제천시 영천동,영천동
4315011100,3,4315000000,충청북도 제천시 하소동,하소동
4315011200,3,4315000000,충청북도 제천시 신월동,신월동
4315011300,3,4315000000,충청북도 제천시 청전동,청전동
4315011400,3,4315000000,충청북도 제천시 모산동,모산동
4315011500,3,4315000000,충청북도 제천시 고암동,고암동
4315011600,3,4315000000,충청북도 제천시 장락동,장락동
4315011700,3,4315000000,충청북도 제천시 흑석동,흑석동
4315011800,3,4315000000,충청북도 제천시 두학동,두학동
4315011900,3,4315000000,충청북도 제천시 고명동,고명동
4315012000,3,4315000000,충청북도 제천시 신백동,신백동
4315012100,3,4315000000,충청북도 제천시 강제동,강제동
4315012200,3,4315000000,충청북도 제천시 명지동,명지동
4315012300,3,4315000000,충청북도 제천시 산곡동,산곡동
4315012400,3,4315000000,충청북도 제천시 왕암동,왕암동
4315012500,3,4315000000,충청북도 제천시 천남동,천남동
4315012600,3,4315000000,충청북도 제천시 신동,신동
4315012700,3,4315000000,충청북도 제천시 자작동,자작동
4315012800,3,4315000000,충청북도 제천시 대랑동,대랑동
4315025000,3,4315000000,충청북도 제천시 봉양읍,봉양읍
4315031000,3,4315000000,충청북도 제천시 금성면,금성면
4315032000,3,4315000000,충청북도 제천시 청풍면,청풍면
4315033000,3,4315000000,충청북도 제천시 수산면,수산면
4315034000,3,4315000000,충청북도 제천시 덕산면,덕산면
4315035000,3,4315000000,충청북도 제천시 한수면,한수면
4315036000,3,4315000000,충청북도 제천시 백운면,백운면
4315038000,3,4315000000,충청북도 제천시 송학면,송학면
4372000000,2,4300000000,충청북도 보은군,보은군
4372025000,3,4372000000,충청북도 보은군 보은읍,보은읍
4372031500,3,4372000000,충청북도 보은군 속리산면,속리산면
4372032500,3,4372000000,충청북도 보은군 장안면,장안면
4372033000,3,4372000000,충청북도 보은군 마로면,마로면
4372034000,3,4372000000,충청북도 보은군 탄부면,탄부면
4372035000,3,4372000000,충청북도 보은군 삼승면,삼승면
4372036000,3,4372000000,충청북도 보은군 수한면,수한면
4372037000,3,4372000000,충청북도 보은군 회남면,회남면
4372038500,3,4372000000,충청북도 보은군 회인면,회인면
4372039000,3,4372000000,충청북도 보은군 내북면,내북면
4372040000,3,4372000000,충청북도 보은군 산외면,산외면
4373000000,2,4300000000,충청북도 옥천군,옥천군
4373025000,3,4373000000,충청북도 옥천군 옥천읍,옥천읍
4373031000,3,4373000000,충청북도 옥천군 동이면,동이면
4373032000,3,4373000000,충청북도 옥천군 안남면,안남면
4373033000,3,4373000000,충청북도 옥천군 안내면,안내면
4373034000,3,4373000000,충청북도 옥천군 청성면,청성면
4373035000,3,4373000000,충청북도 옥천군 청산면,청산면
4373036000,3,4373000000,충청북도 옥천군 이원면,이원면
4373037000,3,4373000000,충청북도 옥천군 군서면,군서면
4373038000,3,4373000000,충청북도 옥천군 군북면,군북면
4374000000,2,4300000000,충청북도 영동군,영동군
4374025000,3,4374000000,충청북도 영동군 영동읍,영동읍
4374031000,3,4374000000,충청북도 영동군 용산면,용산면
4374032000,3,4374000000,충청북도 영동군 황간면,황간면
4374033500,3,4374000000,충청북도 영동군 추풍령면,추풍령면
4374034000,3,4374000000,충청북도 영동군 매곡면,매곡면
4374035000,3,4374000000,충청북도 영동군 상촌면,상촌면
4374036000,3,4374000000,충청북도 영동군 양강면,양강면
4374037000,3,4374000000,충청북도 영동군 용화면,용화면
4374038000,3,4374000000,충청북도 영동군 학산면,학산면
4374039000,3,4374000000,충청북도 영동군 양산면,양산면
4374040000,3,4374000000,충청북도 영동군 심천면,심천면
4374500000,2,4300000000,충청북도 증평군,증평군
4374525000,3,4374500000,충청북도 증평군 증평읍,증평읍
4374531000,3,4374500000,충청북도 증평군 도안면,도안면
4375000000,2,4300000000,충청북도 진천군,진천군
4375025000,3,4375000000,충청북도 진천군 진천읍,진천읍
4375025300,3,4375000000,충청북도 진천군 덕산읍,덕산읍
4375032000,3,4375000000,충청북도 진천군 초평면,초평면
4375033000,3,4375000000,충청북도 진천군 문백면,문백면
4375034000,3,4375000000,충청북도 진천군 백곡면,백곡면
4375035000,3,4375000000,충청북도 진천군 이월면,이월면
4375037000,3,4375000000,충청북도 진천군 광혜원면,광혜원면
4376000000,2,4300000000,충청북도 괴산군,괴산군
4376025000,3,4376000000,충청북도 괴산군 괴산읍,괴산읍
4376031000,3,4376000000,충청북도 괴산군 감물면,감물면
4376032000,3,4376000000,충청북도 괴산군 장연면,장연면
4376033000,3,4376000000,충청북도 괴산군 연풍면,연풍면
4376034000,3,4376000000,충청북도 괴산군 칠성면,칠성면
4376035000,3,4376000000,충청북도 괴산군 문광면,문광면
4376036000,3,4376000000,충청북도 괴산군 청천면,청천면
4376037000,3,4376000000,충청북도 괴산군 청안면,청안면
4376039000,3,4376000000,충청북도 괴산군 사리면,사리면
4376040000,3,4376000000,충청북도 괴산군 소수면,소수면
4376041000,3,4376000000,충청북도 괴산군 불정면,불정면
4377000000,2,4300000000,충청북도 음성군,음성군
4377025000,3,4377000000,충청북도 음성군 음성읍,음성읍
4377025300,3,4377000000,충청북도 음성군 금왕읍,금왕읍
4377025600,3,4377000000,충청북도 음성군 대소읍,대소읍
4377031000,3,4377000000,충청북도 음성군 소이면,소이면
4377032000,3,4377000000,충청북도 음성군 원남면,원남면
4377033000,3,4377000000,충청북도 음성군 맹동면,맹동면
4377035000,3,4377000000,충청북도 음성군 삼성면,삼성면
4377036000,3,4377000000,충청북도 음성군 생극면,생극면
4377037000,3,4377000000,충청북도 음성군 감곡면,감곡면
4380000000,2,4300000000,충청북도 단양군,단양군
4380025000,3,4380000000,충청북도 단양군 단양읍,단양읍
4380025300,3,4380000000,충청북도 단양군 매포읍,매포읍
4380031000,3,4380000000,충청북도 단양군 대강면,대강면
4380032000,3,4380000000,충청북도 단양군 가곡면,가곡면
4380033000,3,4380000000,충청북도 단양군 영춘면,영춘면
4380034000,3,4380000000,충청북도 단양군 어상천면,어상천면
4380035000,3,4380000000,충청북도 단양군 적성면,적성면
4380036000,3,4380000000,충청북도 단양군 단성면,단성면
4400000000,1,,충청남도,충청남도
4413100000,2,4400000000,충청남도 천안시 동남구,천안시 동남구
4413110100,3,4413100000,충청남도 천안시 동남구 대흥동,대흥동
4413110200,3,4413100000,충청남도 천안시 동남구 성황동,성황동
4413110300,3,4413100000,충청남도 천안시 동남구 문화동,문화동
4413110400,3,4413100000,충청남도 천안시 동남구 사직동,사직동
4413110500,3,4413100000,충청남도 천안시 동남구 영성동,영성동
4413110600,3,4413100000,충청남도 천안시 동남구 오룡동,오룡동
4413110700,3,4413100000,충청남도 천안시 동남구 원성동,원성동
4413110800,3,4413100000,충청남도 천안시 동남구 구성동,구성동
4413110900,3,4413100000,충청남도 천안시 동남구 청수동,청수동
4413111000,3,4413100000,충청남도 천안시 동남구 삼룡동,삼룡동
4413111100,3,4413100000,충청남도 천안시 동남구 청당동,청당동
4413111200,3,4413100000,충청남도 천안시 동남구 유량동,유량동
4413111300,3,4413100000,충청남도 천안시 동남구 봉명동,봉명동
4413111400,3,4413100000,충청남도 천안시 동남구 다가동,다가동
4413111500,3,4413100000,충청남도 천안시 동남구 용곡동,용곡동
4413111600,3,4413100000,충청남도 천안시 동남구 신방동,신방동
4413111700,3,4413100000,충청남도 천안시 동남구 쌍용동,쌍용동
4413111800,3,4413100000,충청남도 천안시 동남구 신부동,신부동
4413111900,3,4413100000,충청남도 천안시 동남구 안서동,안서동
4413112000,3,4413100000,충청남도 천안시 동남구 구룡동,구룡동
4413125000,3,4413100000,충청남도 천안시 동남구 목천읍,목천읍
4413131000,3,4413100000,충청남도 천안시 동남구 풍세면,풍세면
4413132000,3,4413100000,충청남도 천안시 동남구 광덕면,광덕면
4413133000,3,4413100000,충청남도 천안시 동남구 북면,북면
4413134000,3,4413100000,충청남도 천안시 동남구 성남면,성남면
4413135000,3,4413100000,충청남도 천안시 동남구 수신면,수신면
4413136000,3,4413100000,충청남도 천안시 동남구 병천면,병천면
4413137000,3,4413100000,충청남도 천안시 동남구 동면,동면
4413300000,2,4400000000,충청남도 천안시 서북구,천안시 서북구
4413310100,3,4413300000,충청남도 천안시 서북구 와촌동,와촌동
4413310200,3,4413300000,충청남도 천안시 서북구 성정동,성정동
4413310300,3,4413300000,충청남도 천안시 서북구 백석동,백석동
4413310400,3,4413300000,충청남도 천안시 서북구 두정동,두정동
4413310500,3,4413300000,충청남도 천안시 서북구 성성동,성성동
4413310600,3,4413300000,충청남도 천안시 서북구 차암동,차암동
4413310700,3,4413300000,충청남도 천안시 서북구 쌍용동,쌍용동
4413310800,3,4413300000,충청남도 천안시 서북구 불당동,불당동
4413310900,3,4413300000,충청남도 천안시 서북구 업성동,업성동
4413311000,3,4413300000,충청남도 천안시 서북구 신당동,신당동
4413311100,3,4413300000,충청남도 천안시 서북구 부대동,부대동
4413325000,3,4413300000,충청남도 천안시 서북구 성환읍,성환읍
4413325300,3,4413300000,충청남도 천안시 서북구 성거읍,성거읍
4413325600,3,4413300000,충청남도 천안시 서북구 직산읍,직산읍
4413331000,3,4413300000,충청남도 천안시 서북구 입장면,입장면
4415000000,2,4400000000,충청남도 공주시,공주시
4415010100,3,4415000000,충청남도 공주시 반죽동,반죽동
4415010200,3,4415000000,충청남도 공주시 봉황동,봉황동
4415010300,3,4415000000,충청남도 공주시 중학동,중학동
4415010400,3,4415000000,충청남도 공주시 중동,중동
4415010500,3,4415000000,충청남도 공주시 산성동,산성동
4415010600,3,4415000000,충청남도 공주시 교동,교동
4415010700,3,4415000000,충청남도 공주시 웅진동,웅진동
4415010800,3,4415000000,충청남도 공주시 금성동,금성동
4415010900,3,4415000000,충청남도 공주시 옥룡동,옥룡동
4415011000,3,4415000000,충청남도 공주시 금학동,금학동
4415011100,3,4415000000,충청남도 공주시 봉정동,봉정동
4415011200,3,4415000000,충청남도 공주시 주미동,주미동
4415011300,3,4415000000,충청남도 공주시 태봉동,태봉동
4415011400,3,4415000000,충청남도 공주시 오곡동,오곡동
4415011500,3,4415000000,충청남도 공주시 신기동,신기동
4415011600,3,4415000000,충청남도 공주시 소학동,소학동
4415011700,3,4415000000,충청남도 공주시 상왕동,상왕동
4415011800,3,4415000000,충청남도 공주시 무릉동,무릉동
4415011900,3,4415000000,충청남도 공주시 월송동,월송동
4415012000,3,4415000000,충청남도 공주시 신관동,신관동
4415012100,3,4415000000,충청남도 공주시 금흥동,금흥동
4415012200,3,4415000000,충청남도 공주시 쌍신동,쌍신동
4415012300,3,4415000000,충청남도 공주시 월미동,월미동
4415012400,3,4415000000,충청남도 공주시 검상동,검상동
4415012500,3,4415000000,충청남도 공주시 석장리동,석장리동
4415012600,3,4415000000,충청남도 공주시 송선동,송선동
4415012700,3,4415000000,충청남도 공주시 동현동,동현동
4415025000,3,4415000000,충청남도 공주시 유구읍,유구읍
4415031000,3,4415000000,충청남도 공주시 이인면,이인면
4415032000,3,4415000000,충청남도 공주시 탄천면,탄천면
4415033000,3,4415000000,충청남도 공주시 계룡면,계룡면
4415034000,3,4415000000,충청남도 공주시 반포면,반포면
4415036000,3,4415000000,충청남도 공주시 의당면,의당면
4415037000,3,4415000000,충청남도 공주시 정안면,정안면
4415038000,3,4415000000,충청남도 공주시 우성면,우성면
4415039000,3,4415000000,충청남도 공주시 사곡면,사곡면
4415040000,3,4415000000,충청남도 공주시 신풍면,신풍면
4418000000,2,4400000000,충청남도 보령시,보령시
4418010100,3,4418000000,충청남도 보령시 대천동,대천동
4418010200,3,4418000000,충청남도 보령시 죽정동,죽정동
4418010300,3,4418000000,충청남도 보령시 화산동,화산동
4418010400,3,4418000000,충청남도 보령시 동대동,동대동
4418010500,3,4418000000,충청남도 보령시 명천동,명천동
4418010600,3,4418000000,충청남도 보령시 궁촌동,궁촌동
4418010700,3,4418000000,충청남도 보령시 내항동,내항동
4418010800,3,4418000000,충청남도 보령시 남곡동,남곡동
4418010900,3,4418000000,충청남도 보령시 요암동,요암동
4418011000,3,4418000000,충청남도 보령시 신흑동,신흑동
4418025000,3,4418000000,충청남도 보령시 웅천읍,웅천읍
4418031000,3,4418000000,충청남도 보령시 주포면,주포면
4418032000,3,4418000000,충청남도 보령시 오천면,오천면
4418033000,3,4418000000,충청남도 보령시 천북면,천북면
4418034000,3,4418000000,충청남도 보령시 청소면,청소면
4418035000,3,4418000000,충청남도 보령시 청라면,청라면
4418036000,3,4418000000,충청남도 보령시 남포면,남포면
4418038000,3,4418000000,충청남도 보령시 주산면,주산면
4418039000,3,4418000000,충청남도 보령시 미산면,미산면
4418040000,3,4418000000,충청남도 보령시 성주면,성주면
4418041000,3,4418000000,충청남도 보령시 주교면,주교면
4420000000,2,4400000000,충청남도 아산시,아산시
4420010100,3,4420000000,충청남도 아산시 온천동,온천동
4420010200,3,4420000000,충청남도 아산시 실옥동,실옥동
4420010300,3,4420000000,충청남도 아산시 방축동,방축동
4420010400,3,4420000000,충청남도 아산시 기산동,기산동
4420010500,3,4420000000,충청남도 아산시 초사동,초사동
4420010600,3,4420000000,충청남도 아산시 신인동,신인동
4420010700,3,4420000000,충청남도 아산시 법곡동,법곡동
4420010800,3,4420000000,충청남도 아산시 장존동,장존동
4420010900,3,4420000000,충청남도 아산시 좌부동,좌부동
4420011000,3,4420000000,충청남도 아산시 읍내동,읍내동
4420011100,3,4420000000,충청남도 아산시 풍기동,풍기동
4420011200,3,4420000000,충청남도 아산시 용화동,용화동
4420011300,3,4420000000,충청남도 아산시 모종동,모종동
4420011400,3,4420000000,충청남도 아산시 권곡동,권곡동
4420011500,3,4420000000,충청남도 아산시 배미동,배미동
4420011600,3,4420000000,충청남도 아산시 득산동,득산동
4420011700,3,4420000000,충청남도 아산시 점양동,점양동
4420011800,3,4420000000,충청남도 아산시 신동,신동
4420011900,3,4420000000,충청남도 아산시 남동,남동
4420025000,3,4420000000,충청남도 아산시 염치읍,염치읍
4420025300,3,4420000000,충청남도 아산시 배방읍,배방읍
4420031000,3,4420000000,충청남도 아산시 송악면,송악면
4420033000,3,4420000000,충청남도 아산시 탕정면,탕정면
4420035000,3,4420000000,충청남도 아산시 음봉면,음봉면
4420036000,3,4420000000,충청남도 아산시 둔포면,둔포면
4420037000,3,4420000000,충청남도 아산시 영인면,영인면
4420038000,3,4420000000,충청남도 아산시 인주면,인주면
4420039000,3,4420000000,충청남도 아산시 선장면,선장면
4420040000,3,4420000000,충청남도 아산시 도고면,도고면
4420041000,3,4420000000,충청남도 아산시 신창면,신창면
4421000000,2,4400000000,충청남도 서산시,서산시
4421010100,3,4421000000,충청남도 서산시 읍내동,읍내동
4421010200,3,4421000000,충청남도 서산시 동문동,동문동
4421010300,3,4421000000,충청남도 서산시 갈산동,갈산동
4421010400,3,4421000000,충청남도 서산시 온석동,온석동
4421010500,3,4421000000,충청남도 서산시 잠홍동,잠홍동
4421010600,3,4421000000,충청남도 서산시 수석동,수석동
4421010700,3,4421000000,충청남도 서산시 석림동,석림동
4421010800,3,4421000000,충청남도 서산시 석남동,석남동
4421010900,3,4421000000,충청남도 서산시 예천동,예천동
4421011000,3,4421000000,충청남도 서산시 죽성동,죽성동
4421011100,3,4421000000,충청남도 서산시 양대동,양대동
4421011200,3,4421000000,충청남도 서산시 오남동,오남동
4421011300,3,4421000000,충청남도 서산시 장동,장동
4421011400,3,4421000000,충청남도 서산시 덕지천동,덕지천동
4421025000,3,4421000000,충청남도 서산시 대산읍,대산읍
4421031000,3,4421000000,충청남도 서산시 인지면,인지면
4421032000,3,4421000000,충청남도 서산시 부석면,부석면
4421033000,3,4421000000,충청남도 서산시 팔봉면,팔봉면
4421034000,3,4421000000,충청남도 서산시 지곡면,지곡면
4421036000,3,4421000000,충청남도 서산시 성연면,성연면
4421037000,3,4421000000,충청남도 서산시 음암면,음암면
4421038000,3,4421000000,충청남도 서산시 운산면,운산면
4421039000,3,4421000000,충청남도 서산시 해미면,해미면
4421040000,3,4421000000,충청남도 서산시 고북면,고북면
4423000000,2,4400000000,충청남도 논산시,논산시
4423010100,3,4423000000,충청남도 논산시 화지동,화지동
4423010200,3,4423000000,충청남도 논산시 반월동,반월동
4423010300,3,4423000000,충청남도 논산시 대교동,대교동
4423010400,3,4423000000,충청남도 논산시 부창동,부창동
4423010500,3,4423000000,충청남도 논산시 취암동,취암동
4423010600,3,4423000000,충청남도 논산시 등화동,등화동
4423010700,3,4423000000,충청남도 논산시 지산동,지산동
4423010800,3,4423000000,충청남도 논산시 덕지동,덕지동
4423010900,3,4423000000,충청남도 논산시 내동,내동
4423011000,3,4423000000,충청남도 논산시 강산동,강산동
4423011100,3,4423000000,충청남도 논산시 관촉동,관촉동
4423025000,3,4423000000,충청남도 논산시 강경읍,강경읍
4423025300,3,4423000000,충청남도 논산시 연무읍,연무읍
4423031000,3,4423000000,충청남도 논산시 성동면,성동면
4423032000,3,4423000000,충청남도 논산시 광석면,광석면
4423033000,3,4423000000,충청남도 논산시 노성면,노성면
4423034000,3,4423000000,충청남도 논산시 상월면,상월면
4423035000,3,4423000000,충청남도 논산시 부적면,부적면
4423036000,3,4423000000,충청남도 논산시 연산면,연산면
4423038000,3,4423000000,충청남도 논산시 벌곡면,벌곡면
4423039000,3,4423000000,충청남도 논산시 양촌면,양촌면
4423040000,3,4423000000,충청남도 논산시 가야곡면,가야곡면
4423041000,3,4423000000,충청남도 논산시 은진면,은진면
4423042000,3,4423000000,충청남도 논산시 채운면,채운면
4425000000,2,4400000000,충청남도 계룡시,계룡시
4425010100,3,4425000000,충청남도 계룡시 금암동,금암동
4425031000,3,4425000000,충청남도 계룡시 두마면,두마면
4425031500,3,4425000000,충청남도 계룡시 엄사면,엄사면
4425033000,3,4425000000,충청남도 계룡시 신도안면,신도안면
4427000000,2,4400000000,충청남도 당진시,당진시
4427010100,3,4427000000,충청남도 당진시 읍내동,읍내동
4427010200,3,4427000000,충청남도 당진시 채운동,채운동
4427010300,3,4427000000,충청남도 당진시 우두동,우두동
4427010400,3,4427000000,충청남도 당진시 원당동,원당동
4427010500,3,4427000000,충청남도 당진시 시곡동,시곡동
4427010600,3,4427000000,충청남도 당진시 수청동,수청동
4427010700,3,4427000000,충청남도 당진시 대덕동,대덕동
4427010800,3,4427000000,충청남도 당진시 행정동,행정동
4427010900,3,4427000000,충청남도 당진시 용연동,용연동
4427011000,3,4427000000,충청남도 당진시 사기소동,사기소동
4427011100,3,4427000000,충청남도 당진시 구룡동,구룡동
4427025000,3,4427000000,충청남도 당진시 합덕읍,합덕읍
4427025300,3,4427000000,충청남도 당진시 송악읍,송악읍
4427031000,3,4427000000,충청남도 당진시 고대면,고대면
4427032000,3,4427000000,충청남도 당진시 석문면,석문면
4427033000,3,4427000000,충청남도 당진시 대호지면,대호지면
4427034000,3,4427000000,충청남도 당진시 정미면,정미면
4427035000,3,4427000000,충청남도 당진시 면천면,면천면
4427036000,3,4427000000,충청남도 당진시 순성면,순성면
4427037000,3,4427000000,충청남도 당진시 우강면,우강면
4427038000,3,4427000000,충청남도 당진시 신평면,신평면
4427039000,3,4427000000,충청남도 당진시 송산면,송산면
4471000000,2,4400000000,충청남도 금산군,금산군
4471025000,3,4471000000,충청남도 금산군 금산읍,금산읍
4471031000,3,4471000000,충청남도 금산군 금성면,금성면
4471032000,3,4471000000,충청남도 금산군 제원면,제원면
4471033000,3,4471000000,충청남도 금산군 부리면,부리면
4471034000,3,4471000000,충청남도 금산군 군북면,군북면
4471035000,3,4471000000,충청남도 금산군 남일면,남일면
4471036000,3,4471000000,충청남도 금산군 남이면,남이면
4471037000,3,4471000000,충청남도 금산군 진산면,진산면
4471038000,3,4471000000,충청남도 금산군 복수면,복수면
4471039000,3,4471000000,충청남도 금산군 추부면,추부면
4476000000,2,4400000000,충청남도 부여군,부여군
4476025000,3,4476000000,충청남도 부여군 부여읍,부여읍
4476031000,3,4476000000,충청남도 부여군 규암면,규암면
4476032000,3,4476000000,충청남도 부여군 은산면,은산면
4476033000,3,4476000000,충청남도 부여군 외산면,외산면
4476034000,3,4476000000,충청남도 부여군 내산면,내산면
4476035000,3,4476000000,충청남도 부여군 구룡면,구룡면
4476036000,3,4476000000,충청남도 부여군 홍산면,홍산면
4476037000,3,4476000000,충청남도 부여군 옥산면,옥산면
4476038000,3,4476000000,충청남도 부여군 남면,남면
4476039000,3,4476000000,충청남도 부여군 충화면,충화면
4476040000,3,4476000000,충청남도 부여군 양화면,양화면
4476041000,3,4476000000,충청남도 부여군 임천면,임천면
4476042000,3,4476000000,충청남도 부여군 장암면,장암면
4476043000,3,4476000000,충청남도 부여군 세도면,세도면
4476044000,3,4476000000,충청남도 부여군 석성면,석성면
4476045000,3,4476000000,충청남도 부여군 초촌면,초촌면
4477000000,2,4400000000,충청남도 서천군,서천군
4477025000,3,4477000000,충청남도 서천군 장항읍,장항읍
4477025300,3,4477000000,충청남도 서천군 서천읍,서천읍
4477031000,3,4477000000,충청남도 서천군 마서면,마서면
4477032000,3,4477000000,충청남도 서천군 화양면,화양면
4477033000,3,4477000000,충청남도 서천군 기산면,기산면
4477034000,3,4477000000,충청남도 서천군 한산면,한산면
4477035000,3,4477000000,충청남도 서천군 마산면,마산면
4477036000,3,4477000000,충청남도 서천군 시초면,시초면
4477037000,3,4477000000,충청남도 서천군 문산면,문산면
4477038000,3,4477000000,충청남도 서천군 판교면,판교면
4477039000,3,4477000000,충청남도 서천군 종천면,종천면
4477040000,3,4477000000,충청남도 서천군 비인면,비인면
4477041000,3,4477000000,충청남도 서천군 서면,서면
4479000000,2,4400000000,충청남도 청양군,청양군
4479025000,3,4479000000,충청남도 청양군 청양읍,청양읍
4479031000,3,4479000000,충청남도 청양군 운곡면,운곡면
4479032000,3,4479000000,충청남도 청양군 대치면,대치면
4479033000,3,4479000000,충청남도 청양군 정산면,정산면
4479034000,3,4479000000,충청남도 청양군 목면,목면
4479035000,3,4479000000,충청남도 청양군 청남면,청남면
4479036000,3,4479000000,충청남도 청양군 장평면,장평면
4479037000,3,4479000000,충청남도 청양군 남양면,남양면
4479038000,3,4479000000,충청남도 청양군 화성면,화성면
4479039000,3,4479000000,충청남도 청양군 비봉면,비봉면
4480000000,2,4400000000,충청남도 홍성군,홍성군
4480025000,3,4480000000,충청남도 홍성군 홍성읍,홍성읍
4480025300,3,4480000000,충청남도 홍성군 광천읍,광천읍
4480025600,3,4480000000,충청남도 홍성군 홍북읍,홍북읍
4480032000,3,4480000000,충청남도 홍성군 금마면,금마면
4480033000,3,4480000000,충청남도 홍성군 홍동면,홍동면
4480034000,3,4480000000,충청남도 홍성군 장곡면,장곡면
4480035000,3,4480000000,충청남도 홍성군 은하면,은하면
4480036000,3,4480000000,충청남도 홍성군 결성면,결성면
4480037000,3,4480000000,충청남도 홍성군 서부면,서부면
4480038000,3,4480000000,충청남도 홍성군 갈산면,갈산면
4480039000,3,4480000000,충청남도 홍성군 구항면,구항면
4481000000,2,4400000000,충청남도 예산군,예산군
4481025000,3,4481000000,충청남도 예산군 예산읍,예산읍
4481025300,3,4481000000,충청남도 예산군 삽교읍,삽교읍
4481031000,3,4481000000,충청남도 예산군 대술면,대술면
4481032000,3,4481000000,충청남도 예산군 신양면,신양면
4481033000,3,4481000000,충청남도 예산군 광시면,광시면
4481034000,3,4481000000,충청남도 예산군 대흥면,대흥면
4481035000,3,4481000000,충청남도 예산군 응봉면,응봉면
4481036000,3,4481000000,충청남도 예산군 덕산면,덕산면
4481037000,3,4481000000,충청남도 예산군 봉산면,봉산면
4481038000,3,4481000000,충청남도 예산군 고덕면,고덕면
4481039000,3,4481000000,충청남도 예산군 신암면,신암면
4481040000,3,4481000000,충청남도 예산군 오가면,오가면
4482500000,2,4400000000,충청남도 태안군,태안군
4482525000,3,4482500000,충청남도 태안군 태안읍,태안읍
4482525300,3,4482500000,충청남도 태안군 안면읍,안면읍
4482531000,3,4482500000,충청남도 태안군 고남면,고남면
4482532000,3,4482500000,충청남도 태안군 남면,남면
4482533000,3,4482500000,충청남도 태안군 근흥면,근흥면
4482534000,3,4482500000,충청남도 태안군 소원면,소원면
4482535000,3,4482500000,충청남도 태안군 원북면,원북면
4482536000,3,4482500000,충청남도 태안군 이원면,이원면
4700000000,1,,경상북도,경상북도
4711100000,2,4700000000,경상북도 포항시 남구,포항시 남구
4711110100,3,4711100000,경상북도 포항시 남구 상도동,상도동
4711110200,3,4711100000,경상북도 포항시 남구 대도동,대도동
4711110300,3,4711100000,경상북도 포항시 남구 해도동,해도동
4711110400,3,4711100000,경상북도 포항시 남구 송도동,송도동
4711110500,3,4711100000,경상북도 포항시 남구 청림동,청림동
4711110600,3,4711100000,경상북도 포항시 남구 일월동,일월동
4711110700,3,4711100000,경상북도 포항시 남구 송정동,송정동
4711110800,3,4711100000,경상북도 포항시 남구 송내동,송내동
4711110900,3,4711100000,경상북도 포항시 남구 괴동동,괴동동
4711111000,3,4711100000,경상북도 포항시 남구 동촌동,동촌동
4711111100,3,4711100000,경상북도 포항시 남구 장흥동,장흥동
4711111200,3,4711100000,경상북도 포항시 남구 인덕동,인덕동
4711111300,3,4711100000,경상북도 포항시 남구 호동,호동
4711111400,3,4711100000,경상북도 포항시 남구 효자동,효자동
4711111500,3,4711100000,경상북도 포항시 남구 지곡동,지곡동
4711111600,3,4711100000,경상북도 포항시 남구 대잠동,대잠동
4711111700,3,4711100000,경상북도 포항시 남구 이동,이동
4711125000,3,4711100000,경상북도 포항시 남구 구룡포읍,구룡포읍
4711125300,3,4711100000,경상북도 포항시 남구 연일읍,연일읍
4711125600,3,4711100000,경상북도 포항시 남구 오천읍,오천읍
4711131000,3,4711100000,경상북도 포항시 남구 대송면,대송면
4711132000,3,4711100000,경상북도 포항시 남구 동해면,동해면
4711133000,3,4711100000,경상북도 포항시 남구 장기면,장기면
4711135000,3,4711100000,경상북도 포항시 남구 호미곶면,호미곶면
4711300000,2,4700000000,경상북도 포항시 북구,포항시 북구
4711310100,3,4711300000,경상북도 포항시 북구 대흥동,대흥동
4711310200,3,4711300000,경상북도 포항시 북구 신흥동,신흥동
4711310300,3,4711300000,경상북도 포항시 북구 남빈동,남빈동
4711310400,3,4711300000,경상북도 포항시 북구 상원동,상원동
4711310500,3,4711300000,경상북도 포항시 북구 여천동,여천동
4711310600,3,4711300000,경상북도 포항시 북구 중앙동,중앙동
4711310700,3,4711300000,경상북도 포항시 북구 덕산동,덕산동
4711310800,3,4711300000,경상북도 포항시 북구 덕수동,덕수동
4711310900,3,4711300000,경상북도 포항시 북구 대신동,대신동
4711311000,3,4711300000,경상북도 포항시 북구 동빈1가,동빈1가
4711311100,3,4711300000,경상북도 포항시 북구 동빈2가,동빈2가
4711311200,3,4711300000,경상북도 포항시 북구 학산동,학산동
4711311300,3,4711300000,경상북도 포항시 북구 항구동,항구동
4711311400,3,4711300000,경상북도 포항시 북구 득량동,득량동
4711311500,3,4711300000,경상북도 포항시 북구 학잠동,학잠동
4711311600,3,4711300000,경상북도 포항시 북구 죽도동,죽도동
4711311700,3,4711300000,경상북도 포항시 북구 용흥동,용흥동
4711311800,3,4711300000,경상북도 포항시 북구 우현동,우현동
4711311900,3,4711300000,경상북도 포항시 북구 창포동,창포동
4711312000,3,4711300000,경상북도 포항시 북구 두호동,두호동
4711312100,3,4711300000,경상북도 포항시 북구 장성동,장성동
4711312200,3,4711300000,경상북도 포항시 북구 양덕동,양덕동
4711312300,3,4711300000,경상북도 포항시 북구 환호동,환호동
4711312400,3,4711300000,경상북도 포항시 북구 여남동,여남동
4711325000,3,4711300000,경상북도 포항시 북구 흥해읍,흥해읍
4711331000,3,4711300000,경상북도 포항시 북구 신광면,신광면
4711332000,3,4711300000,경상북도 포항시 북구 청하면,청하면
4711333000,3,4711300000,경상북도 포항시 북구 송라면,송라면
4711334000,3,4711300000,경상북도 포항시 북구 기계면,기계면
4711335000,3,4711300000,경상북도 포항시 북구 죽장면,죽장면
4711336000,3,4711300000,경상북도 포항시 북구 기북면,기북면
4713000000,2,4700000000,경상북도 경주시,경주시
4713010100,3,4713000000,경상북도 경주시 동부동,동부동
4713010200,3,4713000000,경상북도 경주시 서부동,서부동
4713010300,3,4713000000,경상북도 경주시 북부동,북부동
4713010400,3,4713000000,경상북도 경주시 성동동,성동동
4713010500,3,4713000000,경상북도 경주시 황오동,황오동
4713010600,3,4713000000,경상북도 경주시 노동동,노동동
4713010700,3,4713000000,경상북도 경주시 노서동,노서동
4713010800,3,4713000000,경상북도 경주시 성건동,성건동
4713010900,3,4713000000,경상북도 경주시 사정동,사정동
4713011000,3,4713000000,경상북도 경주시 황남동,황남동
4713011100,3,4713000000,경상북도 경주시 교동,교동
4713011200,3,4713000000,경상북도 경주시 인왕동,인왕동
4713011300,3,4713000000,경상북도 경주시 탑동,탑동
4713011400,3,4713000000,경상북도 경주시 충효동,충효동
4713011500,3,4713000000,경상북도 경주시 서악동,서악동
4713011600,3,4713000000,경상북도 경주시 효현동,효현동
4713011700,3,4713000000,경상북도 경주시 광명동,광명동
4713011800,3,4713000000,경상북도 경주시 동방동,동방동
4713011900,3,4713000000,경상북도 경주시 도지동,도지동
4713012000,3,4713000000,경상북도 경주시 남산동,남산동
4713012100,3,4713000000,경상북도 경주시 배반동,배반동
4713012200,3,4713000000,경상북도 경주시 구황동,구황동
4713012300,3,4713000000,경상북도 경주시 보문동,보문동
4713012400,3,4713000000,경상북도 경주시 황성동,황성동
4713012500,3,4713000000,경상북도 경주시 용강동,용강동
4713012600,3,4713000000,경상북도 경주시 동천동,동천동
4713012700,3,4713000000,경상북도 경주시 평동,평동
4713012800,3,4713000000,경상북도 경주시 조양동,조양동
4713012900,3,4713000000,경상북도 경주시 시동,시동
4713013000,3,4713000000,경상북도 경주시 시래동,시래동
4713013100,3,4713000000,경상북도 경주시 구정동,구정동
4713013200,3,4713000000,경상북도 경주시 마동,마동
4713013300,3,4713000000,경상북도 경주시 하동,하동
4713013400,3,4713000000,경상북도 경주시 진현동,진현동
4713013500,3,4713000000,경상북도 경주시 천군동,천군동
4713013600,3,4713000000,경상북도 경주시 신평동,신평동
4713013700,3,4713000000,경상북도 경주시 덕동,덕동
4713013800,3,4713000000,경상북도 경주시 암곡동,암곡동
4713013900,3,4713000000,경상북도 경주시 황용동,황용동
4713014000,3,4713000000,경상북도 경주시 북군동,북군동
4713014100,3,4713000000,경상북도 경주시 손곡동,손곡동
4713014200,3,4713000000,경상북도 경주시 율동,율동
4713014300,3,4713000000,경상북도 경주시 배동,배동
4713014400,3,4713000000,경상북도 경주시 석장동,석장동
4713025000,3,4713000000,경상북도 경주시 감포읍,감포읍
4713025300,3,4713000000,경상북도 경주시 안강읍,안강읍
4713025600,3,4713000000,경상북도 경주시 건천읍,건천읍
4713025900,3,4713000000,경상북도 경주시 외동읍,외동읍
4713031500,3,4713000000,경상북도 경주시 문무대왕면,문무대왕면
4713032000,3,4713000000,경상북도 경주시 양남면,양남면
4713033000,3,4713000000,경상북도 경주시 내남면,내남면
4713034000,3,4713000000,경상북도 경주시 산내면,산내면
4713035000,3,4713000000,경상북도 경주시 서면,서면
4713036000,3,4713000000,경상북도 경주시 현곡면,현곡면
4713037000,3,4713000000,경상북도 경주시 강동면,강동면
4713038000,3,4713000000,경상북도 경주시 천북면,천북면
4715000000,2,4700000000,경상북도 김천시,김천시
4715010100,3,4715000000,경상북도 김천시 감호동,감호동
4715010200,3,4715000000,경상북도 김천시 용두동,용두동
4715010300,3,4715000000,경상북도 김천시 모암동,모암동
4715010400,3,4715000000,경상북도 김천시 성내동,성내동
4715010500,3,4715000000,경상북도 김천시 평화동,평화동
4715010600,3,4715000000,경상북도 김천시 남산동,남산동
4715010700,3,4715000000,경상북도 김천시 황금동,황금동
4715010800,3,4715000000,경상북도 김천시 신음동,신음동
4715010900,3,4715000000,경상북도 김천시 교동,교동
4715011000,3,4715000000,경상북도 김천시 삼락동,삼락동
4715011100,3,4715000000,경상북도 김천시 문당동,문당동
4715011200,3,4715000000,경상북도 김천시 다수동,다수동
4715011300,3,4715000000,경상북도 김천시 백옥동,백옥동
4715011400,3,4715000000,경상북도 김천시 부곡동,부곡동
4715011500,3,4715000000,경상북도 김천시 지좌동,지좌동
4715011600,3,4715000000,경상북도 김천시 덕곡동,덕곡동
4715011700,3,4715000000,경상북도 김천시 대광동,대광동
4715011800,3,4715000000,경상북도 김천시 응명동,응명동
4715011900,3,4715000000,경상북도 김천시 양천동,양천동
4715012000,3,4715000000,경상북도 김천시 율곡동,율곡동
4715025000,3,4715000000,경상북도 김천시 아포읍,아포읍
4715031000,3,4715000000,경상북도 김천시 농소면,농소면
4715032000,3,4715000000,경상북도 김천시 남면,남면
4715034000,3,4715000000,경상북도 김천시 개령면,개령면
4715035000,3,4715000000,경상북도 김천시 감문면,감문면
4715036000,3,4715000000,경상북도 김천시 어모면,어모면
4715037000,3,4715000000,경상북도 김천시 봉산면,봉산면
4715038000,3,4715000000,경상북도 김천시 대항면,대항면
4715039000,3,4715000000,경상북도 김천시 감천면,감천면
4715040000,3,4715000000,경상북도 김천시 조마면,조마면
4715041000,3,4715000000,경상북도 김천시 구성면,구성면
4715042000,3,4715000000,경상북도 김천시 지례면,지례면
4715043000,3,4715000000,경상북도 김천시 부항면,부항면
4715044000,3,4715000000,경상북도 김천시 대덕면,대덕면
4715045000,3,4715000000,경상북도 김천시 증산면,증산면
4717000000,2,4700000000,경상북도 안동시,안동시
4717010100,3,4717000000,경상북도 안동시 삼산동,삼산동
4717010200,3,4717000000,경상북도 안동시 서부동,서부동
4717010300,3,4717000000,경상북도 안동시 북문동,북문동
4717010400,3,4717000000,경상북도 안동시 명륜동,명륜동
4717010500,3,4717000000,경상북도 안동시 신안동,신안동
4717010600,3,4717000000,경상북도 안동시 율세동,율세동
4717010700,3,4717000000,경상북도 안동시 옥정동,옥정동
4717010800,3,4717000000,경상북도 안동시 신세동,신세동
4717010900,3,4717000000,경상북도 안동시 법흥동,법흥동
4717011000,3,4717000000,경상북도 안동시 용상동,용상동
4717011100,3,4717000000,경상북도 안동시 동문동,동문동
4717011200,3,4717000000,경상북도 안동시 동부동,동부동
4717011300,3,4717000000,경상북도 안동시 운흥동,운흥동
4717011400,3,4717000000,경상북도 안동시 천리동,천리동
4717011500,3,4717000000,경상북도 안동시 남부동,남부동
4717011600,3,4717000000,경상북도 안동시 남문동,남문동
4717011700,3,4717000000,경상북도 안동시 안흥동,안흥동
4717011800,3,4717000000,경상북도 안동시 대석동,대석동
4717011900,3,4717000000,경상북도 안동시 옥야동,옥야동
4717012000,3,4717000000,경상북도 안동시 광석동,광석동
4717012100,3,4717000000,경상북도 안동시 당북동,당북동
4717012200,3,4717000000,경상북도 안동시 태화동,태화동
4717012300,3,4717000000,경상북도 안동시 화성동,화성동
4717012400,3,4717000000,경상북도 안동시 목성동,목성동
4717012500,3,4717000000,경상북도 안동시 법상동,법상동
4717012600,3,4717000000,경상북도 안동시 금곡동,금곡동
4717012700,3,4717000000,경상북도 안동시 평화동,평화동
4717012800,3,4717000000,경상북도 안동시 안기동,안기동
4717012900,3,4717000000,경상북도 안동시 운안동,운안동
4717013000,3,4717000000,경상북도 안동시 성곡동,성곡동
4717013100,3,4717000000,경상북도 안동시 상아동,상아동
4717013200,3,4717000000,경상북도 안동시 안막동,안막동
4717013300,3,4717000000,경상북도 안동시 옥동,옥동
4717013400,3,4717000000,경상북도 안동시 이천동,이천동
4717013500,3,4717000000,경상북도 안동시 노하동,노하동
4717013600,3,4717000000,경상북도 안동시 송현동,송현동
4717013700,3,4717000000,경상북도 안동시 송천동,송천동
4717013800,3,4717000000,경상북도 안동시 석동동,석동동
4717013900,3,4717000000,경상북도 안동시 정상동,정상동
4717014000,3,4717000000,경상북도 안동시 정하동,정하동
4717014100,3,4717000000,경상북도 안동시 수상동,수상동
4717014200,3,4717000000,경상북도 안동시 수하동,수하동
4717025000,3,4717000000,경상북도 안동시 풍산읍,풍산읍
4717031000,3,4717000000,경상북도 안동시 와룡면,와룡면
4717032000,3,4717000000,경상북도 안동시 북후면,북후면
4717033000,3,4717000000,경상북도 안동시 서후면,서후면
4717034000,3,4717000000,경상북도 안동시 풍천면,풍천면
4717035000,3,4717000000,경상북도 안동시 일직면,일직면
4717036000,3,4717000000,경상북도 안동시 남후면,남후면
4717037000,3,4717000000,경상북도 안동시 남선면,남선면
4717038000,3,4717000000,경상북도 안동시 임하면,임하면
4717039000,3,4717000000,경상북도 안동시 길안면,길안면
4717040000,3,4717000000,경상북도 안동시 임동면,임동면
4717041000,3,4717000000,경상북도 안동시 예안면,예안면
4717042000,3,4717000000,경상북도 안동시 도산면,도산면
4717043000,3,4717000000,경상북도 안동시 녹전면,녹전면
4719000000,2,4700000000,경상북도 구미시,구미시
4719010100,3,4719000000,경상북도 구미시 원평동,원평동
4719010200,3,4719000000,경상북도 구미시 지산동,지산동
4719010300,3,4719000000,경상북도 구미시 도량동,도량동
4719010400,3,4719000000,경상북도 구미시 봉곡동,봉곡동
4719010500,3,4719000000,경상북도 구미시 부곡동,부곡동
4719010600,3,4719000000,경상북도 구미시 선기동,선기동
4719010700,3,4719000000,경상북도 구미시 수점동,수점동
4719010800,3,4719000000,경상북도 구미시 남통동,남통동
4719010900,3,4719000000,경상북도 구미시 형곡동,형곡동
4719011000,3,4719000000,경상북도 구미시 송정동,송정동
4719011100,3,4719000000,경상북도 구미시 신평동,신평동
4719011200,3,4719000000,경상북도 구미시 비산동,비산동
4719011300,3,4719000000,경상북도 구미시 공단동,공단동
4719011400,3,4719000000,경상북도 구미시 광평동,광평동
4719011500,3,4719000000,경상북도 구미시 사곡동,사곡동
4719011600,3,4719000000,경상북도 구미시 상모동,상모동
4719011700,3,4719000000,경상북도 구미시 임은동,임은동
4719011800,3,4719000000,경상북도 구미시 오태동,오태동
4719011900,3,4719000000,경상북도 구미시 신동,신동
4719012000,3,4719000000,경상북도 구미시 구평동,구평동
4719012100,3,4719000000,경상북도 구미시 황상동,황상동
4719012200,3,4719000000,경상북도 구미시 인의동,인의동
4719012300,3,4719000000,경상북도 구미시 진평동,진평동
4719012400,3,4719000000,경상북도 구미시 시미동,시미동
4719012500,3,4719000000,경상북도 구미시 임수동,임수동
4719012600,3,4719000000,경상북도 구미시 양호동,양호동
4719012700,3,4719000000,경상북도 구미시 거의동,거의동
4719012800,3,4719000000,경상북도 구미시 옥계동,옥계동
4719012900,3,4719000000,경상북도 구미시 구포동,구포동
4719013000,3,4719000000,경상북도 구미시 금전동,금전동
4719025000,3,4719000000,경상북도 구미시 선산읍,선산읍
4719025300,3,4719000000,경상북도 구미시 고아읍,고아읍
4719025600,3,4719000000,경상북도 구미시 산동읍,산동읍
4719031000,3,4719000000,경상북도 구미시 무을면,무을면
4719032000,3,4719000000,경상북도 구미시 옥성면,옥성면
4719033000,3,4719000000,경상북도 구미시 도개면,도개면
4719034000,3,4719000000,경상북도 구미시 해평면,해평면
4719036000,3,4719000000,경상북도 구미시 장천면,장천면
4721000000,2,4700000000,경상북도 영주시,영주시
4721010100,3,4721000000,경상북도 영주시 영주동,영주동
4721010200,3,4721000000,경상북도 영주시 상망동,상망동
4721010300,3,4721000000,경상북도 영주시 하망동,하망동
4721010400,3,4721000000,경상북도 영주시 휴천동,휴천동
4721010500,3,4721000000,경상북도 영주시 가흥동,가흥동
4721010600,3,4721000000,경상북도 영주시 문정동,문정동
4721010700,3,4721000000,경상북도 영주시 고현동,고현동
4721010800,3,4721000000,경상북도 영주시 창진동,창진동
4721010900,3,4721000000,경상북도 영주시 상줄동,상줄동
4721011000,3,4721000000,경상북도 영주시 조와동,조와동
4721011100,3,4721000000,경상북도 영주시 조암동,조암동
4721011200,3,4721000000,경상북도 영주시 적서동,적서동
4721011300,3,4721000000,경상북도 영주시 아지동,아지동
4721025000,3,4721000000,경상북도 영주시 풍기읍,풍기읍
4721031000,3,4721000000,경상북도 영주시 이산면,이산면
4721032000,3,4721000000,경상북도 영주시 평은면,평은면
4721033000,3,4721000000,경상북도 영주시 문수면,문수면
4721034000,3,4721000000,경상북도 영주시 장수면,장수면
4721035000,3,4721000000,경상북도 영주시 안정면,안정면
4721036000,3,4721000000,경상북도 영주시 봉현면,봉현면
4721037000,3,4721000000,경상북도 영주시 순흥면,순흥면
4721038000,3,4721000000,경상북도 영주시 단산면,단산면
4721039000,3,4721000000,경상북도 영주시 부석면,부석면
4723000000,2,4700000000,경상북도 영천시,영천시
4723010100,3,4723000000,경상북도 영천시 조교동,조교동
4723010200,3,4723000000,경상북도 영천시 망정동,망정동
4723010300,3,4723000000,경상북도 영천시 야사동,야사동
4723010400,3,4723000000,경상북도 영천시 문내동,문내동
4723010500,3,4723000000,경상북도 영천시 문외동,문외동
4723010600,3,4723000000,경상북도 영천시 창구동,창구동
4723010700,3,4723000000,경상북도 영천시 교촌동,교촌동
4723010800,3,4723000000,경상북도 영천시 과전동,과전동
4723010900,3,4723000000,경상북도 영천시 성내동,성내동
4723011000,3,4723000000,경상북도 영천시 화룡동,화룡동
4723011100,3,4723000000,경상북도 영천시 도동,도동
4723011200,3,4723000000,경상북도 영천시 금노동,금노동
4723011300,3,4723000000,경상북도 영천시 완산동,완산동
4723011400,3,4723000000,경상북도 영천시 범어동,범어동
4723011500,3,4723000000,경상북도 영천시 작산동,작산동
4723011600,3,4723000000,경상북도 영천시 봉동,봉동
4723011700,3,4723000000,경상북도 영천시 본촌동,본촌동
4723011800,3,4723000000,경상북도 영천시 채신동,채신동
4723011900,3,4723000000,경상북도 영천시 괴연동,괴연동
4723012000,3,4723000000,경상북도 영천시 대전동,대전동
4723012100,3,4723000000,경상북도 영천시 녹전동,녹전동
4723012200,3,4723000000,경상북도 영천시 도림동,도림동
4723012300,3,4723000000,경상북도 영천시 오미동,오미동
4723012400,3,4723000000,경상북도 영천시 오수동,오수동
4723012500,3,4723000000,경상북도 영천시 쌍계동,쌍계동
4723012600,3,4723000000,경상북도 영천시 도남동,도남동
4723012700,3,4723000000,경상북도 영천시 매산동,매산동
4723012800,3,4723000000,경상북도 영천시 언하동,언하동
4723012900,3,4723000000,경상북도 영천시 신기동,신기동
4723013000,3,4723000000,경상북도 영천시 서산동,서산동
4723025000,3,4723000000,경상북도 영천시 금호읍,금호읍
4723031000,3,4723000000,경상북도 영천시 청통면,청통면
4723032000,3,4723000000,경상북도 영천시 신녕면,신녕면
4723033000,3,4723000000,경상북도 영천시 화산면,화산면
4723034000,3,4723000000,경상북도 영천시 화북면,화북면
4723035000,3,4723000000,경상북도 영천시 화남면,화남면
4723036000,3,4723000000,경상북도 영천시 자양면,자양면
4723037000,3,4723000000,경상북도 영천시 임고면,임고면
4723038000,3,4723000000,경상북도 영천시 고경면,고경면
4723039000,3,4723000000,경상북도 영천시 북안면,북안면
4723040000,3,4723000000,경상북도 영천시 대창면,대창면
4725000000,2,4700000000,경상북도 상주시,상주시
4725010100,3,4725000000,경상북도 상주시 성하동,성하동
4725010200,3,4725000000,경상북도 상주시 성동동,성동동
4725010300,3,4725000000,경상북도 상주시 인봉동,인봉동
4725010400,3,4725000000,경상북도 상주시 복룡동,복룡동
4725010500,3,4725000000,경상북도 상주시 냉림동,냉림동
4725010600,3,4725000000,경상북도 상주시 서성동,서성동
4725010700,3,4725000000,경상북도 상주시 남성동,남성동
4725010800,3,4725000000,경상북도 상주시 서문동,서문동
4725010900,3,4725000000,경상북도 상주시 무양동,무양동
4725011000,3,4725000000,경상북도 상주시 낙양동,낙양동
4725011100,3,4725000000,경상북도 상주시 개운동,개운동
4725011200,3,4725000000,경상북도 상주시 신봉동,신봉동
4725011300,3,4725000000,경상북도 상주시 가장동,가장동
4725011400,3,4725000000,경상북도 상주시 양촌동,양촌동
4725011500,3,4725000000,경상북도 상주시 지천동,지천동
4725011600,3,4725000000,경상북도 상주시 오대동,오대동
4725011700,3,4725000000,경상북도 상주시 흥각동,흥각동
4725011800,3,4725000000,경상북도 상주시 거동동,거동동
4725011900,3,4725000000,경상북도 상주시 인평동,인평동
4725012000,3,4725000000,경상북도 상주시 서곡동,서곡동
4725012100,3,4725000000,경상북도 상주시 화개동,화개동
4725012200,3,4725000000,경상북도 상주시 외답동,외답동
4725012300,3,4725000000,경상북도 상주시 헌신동,헌신동
4725012400,3,4725000000,경상북도 상주시 병성동,병성동
4725012500,3,4725000000,경상북도 상주시 도남동,도남동
4725012600,3,4725000000,경상북도 상주시 낙상동,낙상동
4725012700,3,4725000000,경상북도 상주시 중덕동,중덕동
4725012800,3,4725000000,경상북도 상주시 초산동,초산동
4725012900,3,4725000000,경상북도 상주시 화산동,화산동
4725013000,3,4725000000,경상북도 상주시 계산동,계산동
4725013100,3,4725000000,경상북도 상주시 부원동,부원동
4725013200,3,4725000000,경상북도 상주시 죽전동,죽전동
4725013300,3,4725000000,경상북도 상주시 만산동,만산동
4725013400,3,4725000000,경상북도 상주시 연원동,연원동
4725013500,3,4725000000,경상북도 상주시 남장동,남장동
4725013600,3,4725000000,경상북도 상주시 남적동,남적동
4725025000,3,4725000000,경상북도 상주시 함창읍,함창읍
4725031000,3,4725000000,경상북도 상주시 중동면,중동면
4725032500,3,4725000000,경상북도 상주시 사벌국면,사벌국면
4725033000,3,4725000000,경상북도 상주시 낙동면,낙동면
4725034000,3,4725000000,경상북도 상주시 청리면,청리면
4725035000,3,4725000000,경상북도 상주시 공성면,공성면
4725036000,3,4725000000,경상북도 상주시 외남면,외남면
4725037000,3,4725000000,경상북도 상주시 내서면,내서면
4725038000,3,4725000000,경상북도 상주시 모동면,모동면
4725039000,3,4725000000,경상북도 상주시 모서면,모서면
4725040000,3,4725000000,경상북도 상주시 화동면,화동면
4725041000,3,4725000000,경상북도 상주시 화서면,화서면
4725042000,3,4725000000,경상북도 상주시 화북면,화북면
4725043000,3,4725000000,경상북도 상주시 외서면,외서면
4725044000,3,4725000000,경상북도 상주시 은척면,은척면
4725045000,3,4725000000,경상북도 상주시 공검면,공검면
4725046000,3,4725000000,경상북도 상주시 이안면,이안면
4725047000,3,4725000000,경상북도 상주시 화남면,화남면
4728000000,2,4700000000,경상북도 문경시,문경시
4728010100,3,4728000000,경상북도 문경시 점촌동,점촌동
4728010200,3,4728000000,경상북도 문경시 영신동,영신동
4728010300,3,4728000000,경상북도 문경시 흥덕동,흥덕동
4728010400,3,4728000000,경상북도 문경시 우지동,우지동
4728010500,3,4728000000,경상북도 문경시 창동,창동
4728010600,3,4728000000,경상북도 문경시 신기동,신기동
4728010700,3,4728000000,경상북도 문경시 불정동,불정동
4728010800,3,4728000000,경상북도 문경시 유곡동,유곡동
4728010900,3,4728000000,경상북도 문경시 공평동,공평동
4728011000,3,4728000000,경상북도 문경시 모전동,모전동
4728011100,3,4728000000,경상북도 문경시 윤직동,윤직동
4728025000,3,4728000000,경상북도 문경시 문경읍,문경읍
4728025300,3,4728000000,경상북도 문경시 가은읍,가은읍
4728031000,3,4728000000,경상북도 문경시 영순면,영순면
4728032000,3,4728000000,경상북도 문경시 산양면,산양면
4728033000,3,4728000000,경상북도 문경시 호계면,호계면
4728034000,3,4728000000,경상북도 문경시 산북면,산북면
4728035000,3,4728000000,경상북도 문경시 동로면,동로면
4728036000,3,4728000000,경상북도 문경시 마성면,마성면
4728037000,3,4728000000,경상북도 문경시 농암면,농암면
4729000000,2,4700000000,경상북도 경산시,경산시
4729010100,3,4729000000,경상북도 경산시 삼남동,삼남동
4729010200,3,4729000000,경상북도 경산시 삼북동,삼북동
4729010300,3,4729000000,경상북도 경산시 서상동,서상동
4729010400,3,4729000000,경상북도 경산시 신교동,신교동
4729010500,3,4729000000,경상북도 경산시 상방동,상방동
4729010600,3,4729000000,경상북도 경산시 백천동,백천동
4729010700,3,4729000000,경상북도 경산시 옥곡동,옥곡동
4729010800,3,4729000000,경상북도 경산시 사정동,사정동
4729010900,3,4729000000,경상북도 경산시 옥산동,옥산동
4729011000,3,4729000000,경상북도 경산시 중산동,중산동
4729011100,3,4729000000,경상북도 경산시 정평동,정평동
4729011200,3,4729000000,경상북도 경산시 대평동,대평동
4729011300,3,4729000000,경상북도 경산시 대정동,대정동
4729011400,3,4729000000,경상북도 경산시 임당동,임당동
4729011500,3,4729000000,경상북도 경산시 대동,대동
4729011600,3,4729000000,경상북도 경산시 계양동,계양동
4729011700,3,4729000000,경상북도 경산시 중방동,중방동
4729011800,3,4729000000,경상북도 경산시 조영동,조영동
4729011900,3,4729000000,경상북도 경산시 남방동,남방동
4729012000,3,4729000000,경상북도 경산시 내동,내동
4729012100,3,4729000000,경상북도 경산시 여천동,여천동
4729012200,3,4729000000,경상북도 경산시 유곡동,유곡동
4729012300,3,4729000000,경상북도 경산시 신천동,신천동
4729012400,3,4729000000,경상북도 경산시 점촌동,점촌동
4729012500,3,4729000000,경상북도 경산시 평산동,평산동
4729012600,3,4729000000,경상북도 경산시 사동,사동
4729012700,3,4729000000,경상북도 경산시 삼풍동,삼풍동
4729012800,3,4729000000,경상북도 경산시 갑제동,갑제동
4729025000,3,4729000000,경상북도 경산시 하양읍,하양읍
4729025300,3,4729000000,경상북도 경산시 진량읍,진량읍
4729025600,3,4729000000,경상북도 경산시 압량읍,압량읍
4729031000,3,4729000000,경상북도 경산시 와촌면,와촌면
4729033000,3,4729000000,경상북도 경산시 자인면,자인면
4729034000,3,4729000000,경상북도 경산시 용성면,용성면
4729035000,3,4729000000,경상북도 경산시 남산면,남산면
4729037000,3,4729000000,경상북도 경산시 남천면,남천면
4773000000,2,4700000000,경상북도 의성군,의성군
4773025000,3,4773000000,경상북도 의성군 의성읍,의성읍
4773031000,3,4773000000,경상북도 의성군 단촌면,단촌면
4773032000,3,4773000000,경상북도 의성군 점곡면,점곡면
4773033000,3,4773000000,경상북도 의성군 옥산면,옥산면
4773034000,3,4773000000,경상북도 의성군 사곡면,사곡면
4773035000,3,4773000000,경상북도 의성군 춘산면,춘산면
4773036000,3,4773000000,경상북도 의성군 가음면,가음면
4773037000,3,4773000000,경상북도 의성군 금성면,금성면
4773038000,3,4773000000,경상북도 의성군 봉양면,봉양면
4773039000,3,4773000000,경상북도 의성군 비안면,비안면
4773040000,3,4773000000,경상북도 의성군 구천면,구천면
4773041000,3,4773000000,경상북도 의성군 단밀면,단밀면
4773042000,3,4773000000,경상북도 의성군 단북면,단북면
4773043000,3,4773000000,경상북도 의성군 안계면,안계면
4773044000,3,4773000000,경상북도 의성군 다인면,다인면
4773045000,3,4773000000,경상북도 의성군 신평면,신평면
4773046000,3,4773000000,경상북도 의성군 안평면,안평면
4773047000,3,4773000000,경상북도 의성군 안사면,안사면
4775000000,2,4700000000,경상북도 청송군,청송군
4775025000,3,4775000000,경상북도 청송군 청송읍,청송읍
4775031500,3,4775000000,경상북도 청송군 주왕산면,주왕산면
4775032000,3,4775000000,경상북도 청송군 부남면,부남면
4775033000,3,4775000000,경상북도 청송군 현동면,현동면
4775034000,3,4775000000,경상북도 청송군 현서면,현서면
4775035000,3,4775000000,경상북도 청송군 안덕면,안덕면
4775036000,3,4775000000,경상북도 청송군 파천면,파천면
4775037000,3,4775000000,경상북도 청송군 진보면,진보면
4776000000,2,4700000000,경상북도 영양군,영양군
4776025000,3,4776000000,경상북도 영양군 영양읍,영양읍
4776031000,3,4776000000,경상북도 영양군 입암면,입암면
4776032000,3,4776000000,경상북도 영양군 청기면,청기면
4776033000,3,4776000000,경상북도 영양군 일월면,일월면
4776034000,3,4776000000,경상북도 영양군 수비면,수비면
4776035000,3,4776000000,경상북도 영양군 석보면,석보면
4777000000,2,4700000000,경상북도 영덕군,영덕군
4777025000,3,4777000000,경상북도 영덕군 영덕읍,영덕읍
4777031000,3,4777000000,경상북도 영덕군 강구면,강구면
4777032000,3,4777000000,경상북도 영덕군 남정면,남정면
4777033000,3,4777000000,경상북도 영덕군 달산면,달산면
4777034000,3,4777000000,경상북도 영덕군 지품면,지품면
4777035000,3,4777000000,경상북도 영덕군 축산면,축산면
4777036000,3,4777000000,경상북도 영덕군 영해면,영해면
4777037000,3,4777000000,경상북도 영덕군 병곡면,병곡면
4777038000,3,4777000000,경상북도 영덕군 창수면,창수면
4782000000,2,4700000000,경상북도 청도군,청도군
4782025000,3,4782000000,경상북도 청도군 화양읍,화양읍
4782025300,3,4782000000,경상북도 청도군 청도읍,청도읍
4782031000,3,4782000000,경상북도 청도군 각남면,각남면
4782032000,3,4782000000,경상북도 청도군 풍각면,풍각면
4782033000,3,4782000000,경상북도 청도군 각북면,각북면
4782034000,3,4782000000,경상북도 청도군 이서면,이서면
4782035000,3,4782000000,경상북도 청도군 운문면,운문면
4782036000,3,4782000000,경상북도 청도군 금천면,금천면
4782037000,3,4782000000,경상북도 청도군 매전면,매전면
4783000000,2,4700000000,경상북도 고령군,고령군
4783025300,3,4783000000,경상북도 고령군 대가야읍,대가야읍
4783031000,3,4783000000,경상북도 고령군 덕곡면,덕곡면
4783032000,3,4783000000,경상북도 고령군 운수면,운수면
4783033000,3,4783000000,경상북도 고령군 성산면,성산면
4783034000,3,4783000000,경상북도 고령군 다산면,다산면
4783035000,3,4783000000,경상북도 고령군 개진면,개진면
4783036000,3,4783000000,경상북도 고령군 우곡면,우곡면
4783037000,3,4783000000,경상북도 고령군 쌍림면,쌍림면
4784000000,2,4700000000,경상북도 성주군,성주군
4784025000,3,4784000000,경상북도 성주군 성주읍,성주읍
4784031000,3,4784000000,경상북도 성주군 선남면,선남면
4784032000,3,4784000000,경상북도 성주군 용암면,용암면
4784033000,3,4784000000,경상북도 성주군 수륜면,수륜면
4784034000,3,4784000000,경상북도 성주군 가천면,가천면
4784035500,3,4784000000,경상북도 성주군 금수강산면,금수강산면
4784036000,3,4784000000,경상북도 성주군 대가면,대가면
4784037000,3,4784000000,경상북도 성주군 벽진면,벽진면
4784038000,3,4784000000,경상북도 성주군 초전면,초전면
4784039000,3,4784000000,경상북도 성주군 월항면,월항면
4785000000,2,4700000000,경상북도 칠곡군,칠곡군
4785025000,3,4785000000,경상북도 칠곡군 왜관읍,왜관읍
4785025300,3,4785000000,경상북도 칠곡군 북삼읍,북삼읍
4785025600,3,4785000000,경상북도 칠곡군 석적읍,석적읍
4785031000,3,4785000000,경상북도 칠곡군 지천면,지천면
4785032000,3,4785000000,경상북도 칠곡군 동명면,동명면
4785033000,3,4785000000,경상북도 칠곡군 가산면,가산면
4785036000,3,4785000000,경상북도 칠곡군 약목면,약목면
4785037000,3,4785000000,경상북도 칠곡군 기산면,기산면
4790000000,2,4700000000,경상북도 예천군,예천군
4790025000,3,4790000000,경상북도 예천군 예천읍,예천읍
4790025300,3,4790000000,경상북도 예천군 호명읍,호명읍
4790031000,3,4790000000,경상북도 예천군 용문면,용문면
4790034000,3,4790000000,경상북도 예천군 감천면,감천면
4790035000,3,4790000000,경상북도 예천군 보문면,보문면
4790037000,3,4790000000,경상북도 예천군 유천면,유천면
4790038000,3,4790000000,경상북도 예천군 용궁면,용궁면
4790039000,3,4790000000,경상북도 예천군 개포면,개포면
4790040000,3,4790000000,경상북도 예천군 지보면,지보면
4790041000,3,4790000000,경상북도 예천군 풍양면,풍양면
4790042000,3,4790000000,경상북도 예천군 효자면,효자면
4790043000,3,4790000000,경상북도 예천군 은풍면,은풍면
4792000000,2,4700000000,경상북도 봉화군,봉화군
4792025000,3,4792000000,경상북도 봉화군 봉화읍,봉화읍
4792031000,3,4792000000,경상북도 봉화군 물야면,물야면
4792032000,3,4792000000,경상북도 봉화군 봉성면,봉성면
4792033000,3,4792000000,경상북도 봉화군 법전면,법전면
4792034000,3,4792000000,경상북도 봉화군 춘양면,춘양면
4792035000,3,4792000000,경상북도 봉화군 소천면,소천면
4792036000,3,4792000000,경상북도 봉화군 재산면,재산면
4792037000,3,4792000000,경상북도 봉화군 명호면,명호면
4792038000,3,4792000000,경상북도 봉화군 상운면,상운면
4792039000,3,4792000000,경상북도 봉화군 석포면,석포면
4793000000,2,4700000000,경상북도 울진군,울진군
4793025000,3,4793000000,경상북도 울진군 울진읍,울진읍
4793025300,3,4793000000,경상북도 울진군 평해읍,평해읍
4793031000,3,4793000000,경상북도 울진군 북면,북면
4793033000,3,4793000000,경상북도 울진군 근남면,근남면
4793035000,3,4793000000,경상북도 울진군 기성면,기성면
4793036000,3,4793000000,경상북도 울진군 온정면,온정면
4793037000,3,4793000000,경상북도 울진군 죽변면,죽변면
4793038000,3,4793000000,경상북도 울진군 후포면,후포면
4793039000,3,4793000000,경상북도 울진군 금강송면,금강송면
4793040000,3,4793000000,경상북도 울진군 매화면,매화면
4794000000,2,4700000000,경상북도 울릉군,울릉군
4794025000,3,4794000000,경상북도 울릉군 울릉읍,울릉읍
4794031000,3,4794000000,경상북도 울릉군 서면,서면
4794032000,3,4794000000,경상북도 울릉군 북면,북면
4800000000,1,,경상남도,경상남도
4812100000,2,4800000000,경상남도 창원시 의창구,창원시 의창구
4812110100,3,4812100000,경상남도 창원시 의창구 북동,북동
4812110200,3,4812100000,경상남도 창원시 의창구 중동,중동
4812110300,3,4812100000,경상남도 창원시 의창구 서상동,서상동
4812110400,3,4812100000,경상남도 창원시 의창구 소답동,소답동
4812110500,3,4812100000,경상남도 창원시 의창구 도계동,도계동
4812110600,3,4812100000,경상남도 창원시 의창구 동정동,동정동
4812110700,3,4812100000,경상남도 창원시 의창구 소계동,소계동
4812110800,3,4812100000,경상남도 창원시 의창구 용동,용동
4812111200,3,4812100000,경상남도 창원시 의창구 덕정동,덕정동
4812111300,3,4812100000,경상남도 창원시 의창구 지귀동,지귀동
4812111400,3,4812100000,경상남도 창원시 의창구 서곡동,서곡동
4812111600,3,4812100000,경상남도 창원시 의창구 봉림동,봉림동
4812111700,3,4812100000,경상남도 창원시 의창구 퇴촌동,퇴촌동
4812111800,3,4812100000,경상남도 창원시 의창구 명곡동,명곡동
4812111900,3,4812100000,경상남도 창원시 의창구 반계동,반계동
4812112000,3,4812100000,경상남도 창원시 의창구 사화동,사화동
4812112100,3,4812100000,경상남도 창원시 의창구 차용동,차용동
4812112200,3,4812100000,경상남도 창원시 의창구 내리동,내리동
4812112400,3,4812100000,경상남도 창원시 의창구 명서동,명서동
4812112500,3,4812100000,경상남도 창원시 의창구 사림동,사림동
4812112700,3,4812100000,경상남도 창원시 의창구 봉곡동,봉곡동
4812112900,3,4812100000,경상남도 창원시 의창구 팔용동,팔용동
4812125000,3,4812100000,경상남도 창원시 의창구 동읍,동읍
4812131000,3,4812100000,경상남도 창원시 의창구 북면,북면
4812132000,3,4812100000,경상남도 창원시 의창구 대산면,대산면
4812300000,2,4800000000,경상남도 창원시 성산구,창원시 성산구
4812310100,3,4812300000,경상남도 창원시 성산구 토월동,토월동
4812310200,3,4812300000,경상남도 창원시 성산구 사파정동,사파정동
4812310300,3,4812300000,경상남도 창원시 성산구 가음정동,가음정동
4812310400,3,4812300000,경상남도 창원시 성산구 외동,외동
4812310500,3,4812300000,경상남도 창원시 성산구 대방동,대방동
4812310600,3,4812300000,경상남도 창원시 성산구 남산동,남산동
4812310700,3,4812300000,경상남도 창원시 성산구 삼정자동,삼정자동
4812310800,3,4812300000,경상남도 창원시 성산구 천선동,천선동
4812310900,3,4812300000,경상남도 창원시 성산구 불모산동,불모산동
4812311000,3,4812300000,경상남도 창원시 성산구 안민동,안민동
4812311100,3,4812300000,경상남도 창원시 성산구 내동,내동
4812311200,3,4812300000,경상남도 창원시 성산구 남지동,남지동
4812311300,3,4812300000,경상남도 창원시 성산구 상복동,상복동
4812311400,3,4812300000,경상남도 창원시 성산구 완암동,완암동
4812311500,3,4812300000,경상남도 창원시 성산구 창곡동,창곡동
4812311600,3,4812300000,경상남도 창원시 성산구 월림동,월림동
4812311700,3,4812300000,경상남도 창원시 성산구 적현동,적현동
4812311800,3,4812300000,경상남도 창원시 성산구 양곡동,양곡동
4812311900,3,4812300000,경상남도 창원시 성산구 반송동,반송동
4812312000,3,4812300000,경상남도 창원시 성산구 귀산동,귀산동
4812312100,3,4812300000,경상남도 창원시 성산구 귀곡동,귀곡동
4812312200,3,4812300000,경상남도 창원시 성산구 귀현동,귀현동
4812312300,3,4812300000,경상남도 창원시 성산구 신촌동,신촌동
4812312400,3,4812300000,경상남도 창원시 성산구 반지동,반지동
4812312500,3,4812300000,경상남도 창원시 성산구 중앙동,중앙동
4812312600,3,4812300000,경상남도 창원시 성산구 반림동,반림동
4812312700,3,4812300000,경상남도 창원시 성산구 상남동,상남동
4812312800,3,4812300000,경상남도 창원시 성산구 성주동,성주동
4812312900,3,4812300000,경상남도 창원시 성산구 웅남동,웅남동
4812313000,3,4812300000,경상남도 창원시 성산구 사파동,사파동
4812313100,3,4812300000,경상남도 창원시 성산구 가음동,가음동
4812313200,3,4812300000,경상남도 창원시 성산구 성산동,성산동
4812313300,3,4812300000,경상남도 창원시 성산구 남양동,남양동
4812313400,3,4812300000,경상남도 창원시 성산구 용지동,용지동
4812313500,3,4812300000,경상남도 창원시 성산구 용호동,용호동
4812313600,3,4812300000,경상남도 창원시 성산구 신월동,신월동
4812313700,3,4812300000,경상남도 창원시 성산구 대원동,대원동
4812313800,3,4812300000,경상남도 창원시 성산구 두대동,두대동
4812313900,3,4812300000,경상남도 창원시 성산구 삼동동,삼동동
4812314000,3,4812300000,경상남도 창원시 성산구 덕정동,덕정동
4812314100,3,4812300000,경상남도 창원시 성산구 퇴촌동,퇴촌동
4812500000,2,4800000000,경상남도 창원시 마산합포구,창원시 마산합포구
4812510100,3,4812500000,경상남도 창원시 마산합포구 가포동,가포동
4812510200,3,4812500000,경상남도 창원시 마산합포구 교방동,교방동
4812510300,3,4812500000,경상남도 창원시 마산합포구 교원동,교원동
4812510400,3,4812500000,경상남도 창원시 마산합포구 남성동,남성동
4812510500,3,4812500000,경상남도 창원시 마산합포구 대내동,대내동
4812510600,3,4812500000,경상남도 창원시 마산합포구 대성동1가,대성동1가
4812510700,3,4812500000,경상남도 창원시 마산합포구 대성동2가,대성동2가
4812510800,3,4812500000,경상남도 창원시 마산합포구 대외동,대외동
4812510900,3,4812500000,경상남도 창원시 마산합포구 대창동,대창동
4812511000,3,4812500000,경상남도 창원시 마산합포구 덕동동,덕동동
4812511100,3,4812500000,경상남도 창원시 마산합포구 동성동,동성동
4812511200,3,4812500000,경상남도 창원시 마산합포구 두월동1가,두월동1가
4812511300,3,4812500000,경상남도 창원시 마산합포구 두월동2가,두월동2가
4812511400,3,4812500000,경상남도 창원시 마산합포구 두월동3가,두월동3가
4812511500,3,4812500000,경상남도 창원시 마산합포구 문화동,문화동
4812511600,3,4812500000,경상남도 창원시 마산합포구 반월동,반월동
4812511700,3,4812500000,경상남도 창원시 마산합포구 부림동,부림동
4812511800,3,4812500000,경상남도 창원시 마산합포구 산호동,산호동
4812511900,3,4812500000,경상남도 창원시 마산합포구 상남동,상남동
4812512000,3,4812500000,경상남도 창원시 마산합포구 서성동,서성동
4812512100,3,4812500000,경상남도 창원시 마산합포구 성호동,성호동
4812512200,3,4812500000,경상남도 창원시 마산합포구 수성동,수성동
4812512300,3,4812500000,경상남도 창원시 마산합포구 신월동,신월동
4812512400,3,4812500000,경상남도 창원시 마산합포구 신창동,신창동
4812512500,3,4812500000,경상남도 창원시 마산합포구 신포동1가,신포동1가
4812512600,3,4812500000,경상남도 창원시 마산합포구 신포동2가,신포동2가
4812512700,3,4812500000,경상남도 창원시 마산합포구 신흥동,신흥동
4812512800,3,4812500000,경상남도 창원시 마산합포구 완월동,완월동
4812512900,3,4812500000,경상남도 창원시 마산합포구 월남동1가,월남동1가
4812513000,3,4812500000,경상남도 창원시 마산합포구 월남동2가,월남동2가
4812513100,3,4812500000,경상남도 창원시 마산합포구 월남동3가,월남동3가
4812513200,3,4812500000,경상남도 창원시 마산합포구 월남동4가,월남동4가
4812513300,3,4812500000,경상남도 창원시 마산합포구 월남동5가,월남동5가
4812513400,3,4812500000,경상남도 창원시 마산합포구 월영동,월영동
4812513500,3,4812500000,경상남도 창원시 마산합포구 월포동,월포동
4812513600,3,4812500000,경상남도 창원시 마산합포구 예곡동,예곡동
4812513700,3,4812500000,경상남도 창원시 마산합포구 오동동,오동동
4812513800,3,4812500000,경상남도 창원시 마산합포구 우산동,우산동
4812513900,3,4812500000,경상남도 창원시 마산합포구 유록동,유록동
4812514000,3,4812500000,경상남도 창원시 마산합포구 자산동,자산동
4812514100,3,4812500000,경상남도 창원시 마산합포구 장군동1가,장군동1가
4812514200,3,4812500000,경상남도 창원시 마산합포구 장군동2가,장군동2가
4812514300,3,4812500000,경상남도 창원시 마산합포구 장군동3가,장군동3가
4812514400,3,4812500000,경상남도 창원시 마산합포구 장군동4가,장군동4가
4812514500,3,4812500000,경상남도 창원시 마산합포구 장군동5가,장군동5가
4812514600,3,4812500000,경상남도 창원시 마산합포구 중성동,중성동
4812514700,3,4812500000,경상남도 창원시 마산합포구 중앙동1가,중앙동1가
4812514800,3,4812500000,경상남도 창원시 마산합포구 중앙동2가,중앙동2가
4812514900,3,4812500000,경상남도 창원시 마산합포구 중앙동3가,중앙동3가
4812515000,3,4812500000,경상남도 창원시 마산합포구 창동,창동
4812515100,3,4812500000,경상남도 창원시 마산합포구 창포동1가,창포동1가
4812515200,3,4812500000,경상남도 창원시 마산합포구 창포동2가,창포동2가
4812515300,3,4812500000,경상남도 창원시 마산합포구 창포동3가,창포동3가
4812515400,3,4812500000,경상남도 창원시 마산합포구 청계동,청계동
4812515500,3,4812500000,경상남도 창원시 마산합포구 추산동,추산동
4812515600,3,4812500000,경상남도 창원시 마산합포구 평화동,평화동
4812515700,3,4812500000,경상남도 창원시 마산합포구 화영동,화영동
4812515800,3,4812500000,경상남도 창원시 마산합포구 해운동,해운동
4812515900,3,4812500000,경상남도 창원시 마산합포구 현동,현동
4812516000,3,4812500000,경상남도 창원시 마산합포구 홍문동,홍문동
4812531000,3,4812500000,경상남도 창원시 마산합포구 구산면,구산면
4812532000,3,4812500000,경상남도 창원시 마산합포구 진동면,진동면
4812533000,3,4812500000,경상남도 창원시 마산합포구 진북면,진북면
4812534000,3,4812500000,경상남도 창원시 마산합포구 진전면,진전면
4812700000,2,4800000000,경상남도 창원시 마산회원구,창원시 마산회원구
4812710100,3,4812700000,경상남도 창원시 마산회원구 구암동,구암동
4812710200,3,4812700000,경상남도 창원시 마산회원구 두척동,두척동
4812710300,3,4812700000,경상남도 창원시 마산회원구 봉암동,봉암동
4812710400,3,4812700000,경상남도 창원시 마산회원구 석전동,석전동
4812710500,3,4812700000,경상남도 창원시 마산회원구 양덕동,양덕동
4812710600,3,4812700000,경상남도 창원시 마산회원구 합성동,합성동
4812710700,3,4812700000,경상남도 창원시 마산회원구 회성동,회성동
4812710800,3,4812700000,경상남도 창원시 마산회원구 회원동,회원동
4812725000,3,4812700000,경상남도 창원시 마산회원구 내서읍,내서읍
4812900000,2,4800000000,경상남도 창원시 진해구,창원시 진해구
4812910100,3,4812900000,경상남도 창원시 진해구 동상동,동상동
4812910200,3,4812900000,경상남도 창원시 진해구 도천동,도천동
4812910300,3,4812900000,경상남도 창원시 진해구 도만동,도만동
4812910400,3,4812900000,경상남도 창원시 진해구 신흥동,신흥동
4812910500,3,4812900000,경상남도 창원시 진해구 현동,현동
4812910600,3,4812900000,경상남도 창원시 진해구 비봉동,비봉동
4812910700,3,4812900000,경상남도 창원시 진해구 태평동,태평동
4812910800,3,4812900000,경상남도 창원시 진해구 충의동,충의동
4812910900,3,4812900000,경상남도 창원시 진해구 무송동,무송동
4812911000,3,4812900000,경상남도 창원시 진해구 인의동,인의동
4812911100,3,4812900000,경상남도 창원시 진해구 숭인동,숭인동
4812911200,3,4812900000,경상남도 창원시 진해구 대영동,대영동
4812911300,3,4812900000,경상남도 창원시 진해구 남빈동,남빈동
4812911400,3,4812900000,경상남도 창원시 진해구 앵곡동,앵곡동
4812911500,3,4812900000,경상남도 창원시 진해구 제황산동,제황산동
4812911600,3,4812900000,경상남도 창원시 진해구 속천동,속천동
4812911700,3,4812900000,경상남도 창원시 진해구 대죽동,대죽동
4812911800,3,4812900000,경상남도 창원시 진해구 안곡동,안곡동
4812911900,3,4812900000,경상남도 창원시 진해구 수송동,수송동
4812912000,3,4812900000,경상남도 창원시 진해구 회현동,회현동
4812912100,3,4812900000,경상남도 창원시 진해구 익선동,익선동
4812912200,3,4812900000,경상남도 창원시 진해구 창선동,창선동
4812912300,3,4812900000,경상남도 창원시 진해구 대천동,대천동
4812912400,3,4812900000,경상남도 창원시 진해구 광화동,광화동
4812912500,3,4812900000,경상남도 창원시 진해구 통신동,통신동
4812912600,3,4812900000,경상남도 창원시 진해구 중앙동,중앙동
4812912700,3,4812900000,경상남도 창원시 진해구 부흥동,부흥동
4812912800,3,4812900000,경상남도 창원시 진해구 중평동,중평동
4812912900,3,4812900000,경상남도 창원시 진해구 근화동,근화동
4812913000,3,4812900000,경상남도 창원시 진해구 송죽동,송죽동
4812913100,3,4812900000,경상남도 창원시 진해구 화천동,화천동
4812913200,3,4812900000,경상남도 창원시 진해구 송학동,송학동
4812913300,3,4812900000,경상남도 창원시 진해구 대흥동,대흥동
4812913400,3,4812900000,경상남도 창원시 진해구 평안동,평안동
4812913500,3,4812900000,경상남도 창원시 진해구 충무동,충무동
4812913600,3,4812900000,경상남도 창원시 진해구 인사동,인사동
4812913700,3,4812900000,경상남도 창원시 진해구 여좌동,여좌동
4812913800,3,4812900000,경상남도 창원시 진해구 태백동,태백동
4812913900,3,4812900000,경상남도 창원시 진해구 경화동,경화동
4812914000,3,4812900000,경상남도 창원시 진해구 석동,석동
4812914100,3,4812900000,경상남도 창원시 진해구 이동,이동
4812914200,3,4812900000,경상남도 창원시 진해구 자은동,자은동
4812914300,3,4812900000,경상남도 창원시 진해구 덕산동,덕산동
4812914400,3,4812900000,경상남도 창원시 진해구 풍호동,풍호동
4812914500,3,4812900000,경상남도 창원시 진해구 장천동,장천동
4812914600,3,4812900000,경상남도 창원시 진해구 행암동,행암동
4812914700,3,4812900000,경상남도 창원시 진해구 북부동,북부동
4812914800,3,4812900000,경상남도 창원시 진해구 성내동,성내동
4812914900,3,4812900000,경상남도 창원시 진해구 서중동,서중동
4812915000,3,4812900000,경상남도 창원시 진해구 남문동,남문동
4812915100,3,4812900000,경상남도 창원시 진해구 제덕동,제덕동
4812915200,3,4812900000,경상남도 창원시 진해구 수도동,수도동
4812915300,3,4812900000,경상남도 창원시 진해구 연도동,연도동
4812915400,3,4812900000,경상남도 창원시 진해구 명동,명동
4812915500,3,4812900000,경상남도 창원시 진해구 죽곡동,죽곡동
4812915600,3,4812900000,경상남도 창원시 진해구 원포동,원포동
4812915700,3,4812900000,경상남도 창원시 진해구 남양동,남양동
4812915800,3,4812900000,경상남도 창원시 진해구 마천동,마천동
4812915900,3,4812900000,경상남도 창원시 진해구 소사동,소사동
4812916000,3,4812900000,경상남도 창원시 진해구 대장동,대장동
4812916100,3,4812900000,경상남도 창원시 진해구 두동,두동
4812916200,3,4812900000,경상남도 창원시 진해구 청안동,청안동
4812916300,3,4812900000,경상남도 창원시 진해구 안골동,안골동
4812916400,3,4812900000,경상남도 창원시 진해구 용원동,용원동
4812916500,3,4812900000,경상남도 창원시 진해구 가주동,가주동
4817000000,2,4800000000,경상남도 진주시,진주시
4817010100,3,4817000000,경상남도 진주시 망경동,망경동
4817010200,3,4817000000,경상남도 진주시 주약동,주약동
4817010300,3,4817000000,경상남도 진주시 강남동,강남동
4817010400,3,4817000000,경상남도 진주시 칠암동,칠암동
4817010500,3,4817000000,경상남도 진주시 본성동,본성동
4817010600,3,4817000000,경상남도 진주시 동성동,동성동
4817010700,3,4817000000,경상남도 진주시 남성동,남성동
4817010800,3,4817000000,경상남도 진주시 인사동,인사동
4817010900,3,4817000000,경상남도 진주시 대안동,대안동
4817011000,3,4817000000,경상남도 진주시 평안동,평안동
4817011100,3,4817000000,경상남도 진주시 중안동,중안동
4817011200,3,4817000000,경상남도 진주시 계동,계동
4817011300,3,4817000000,경상남도 진주시 봉곡동,봉곡동
4817011400,3,4817000000,경상남도 진주시 상봉동,상봉동
4817011500,3,4817000000,경상남도 진주시 봉래동,봉래동
4817011600,3,4817000000,경상남도 진주시 수정동,수정동
4817011700,3,4817000000,경상남도 진주시 장대동,장대동
4817011800,3,4817000000,경상남도 진주시 옥봉동,옥봉동
4817011900,3,4817000000,경상남도 진주시 상대동,상대동
4817012000,3,4817000000,경상남도 진주시 하대동,하대동
4817012100,3,4817000000,경상남도 진주시 상평동,상평동
4817012200,3,4817000000,경상남도 진주시 초전동,초전동
4817012300,3,4817000000,경상남도 진주시 장재동,장재동
4817012400,3,4817000000,경상남도 진주시 하촌동,하촌동
4817012500,3,4817000000,경상남도 진주시 신안동,신안동
4817012600,3,4817000000,경상남도 진주시 평거동,평거동
4817012700,3,4817000000,경상남도 진주시 이현동,이현동
4817012800,3,4817000000,경상남도 진주시 유곡동,유곡동
4817012900,3,4817000000,경상남도 진주시 판문동,판문동
4817013000,3,4817000000,경상남도 진주시 귀곡동,귀곡동
4817013100,3,4817000000,경상남도 진주시 가좌동,가좌동
4817013200,3,4817000000,경상남도 진주시 호탄동,호탄동
4817013700,3,4817000000,경상남도 진주시 충무공동,충무공동
4817025000,3,4817000000,경상남도 진주시 문산읍,문산읍
4817031000,3,4817000000,경상남도 진주시 내동면,내동면
4817032000,3,4817000000,경상남도 진주시 정촌면,정촌면
4817033000,3,4817000000,경상남도 진주시 금곡면,금곡면
4817035000,3,4817000000,경상남도 진주시 진성면,진성면
4817036000,3,4817000000,경상남도 진주시 일반성면,일반성면
4817037000,3,4817000000,경상남도 진주시 이반성면,이반성면
4817038000,3,4817000000,경상남도 진주시 사봉면,사봉면
4817039000,3,4817000000,경상남도 진주시 지수면,지수면
4817040000,3,4817000000,경상남도 진주시 대곡면,대곡면
4817041000,3,4817000000,경상남도 진주시 금산면,금산면
4817042000,3,4817000000,경상남도 진주시 집현면,집현면
4817043000,3,4817000000,경상남도 진주시 미천면,미천면
4817044000,3,4817000000,경상남도 진주시 명석면,명석면
4817045000,3,4817000000,경상남도 진주시 대평면,대평면
4817046000,3,4817000000,경상남도 진주시 수곡면,수곡면
4822000000,2,4800000000,경상남도 통영시,통영시
4822010100,3,4822000000,경상남도 통영시 도천동,도천동
4822010200,3,4822000000,경상남도 통영시 서호동,서호동
4822010300,3,4822000000,경상남도 통영시 명정동,명정동
4822010400,3,4822000000,경상남도 통영시 항남동,항남동
4822010500,3,4822000000,경상남도 통영시 중앙동,중앙동
4822010600,3,4822000000,경상남도 통영시 문화동,문화동
4822010700,3,4822000000,경상남도 통영시 태평동,태평동
4822010800,3,4822000000,경상남도 통영시 동호동,동호동
4822010900,3,4822000000,경상남도 통영시 정량동,정량동
4822011000,3,4822000000,경상남도 통영시 북신동,북신동
4822011100,3,4822000000,경상남도 통영시 무전동,무전동
4822011200,3,4822000000,경상남도 통영시 평림동,평림동
4822011300,3,4822000000,경상남도 통영시 인평동,인평동
4822011400,3,4822000000,경상남도 통영시 당동,당동
4822011500,3,4822000000,경상남도 통영시 미수동,미수동
4822011600,3,4822000000,경상남도 통영시 봉평동,봉평동
4822011700,3,4822000000,경상남도 통영시 도남동,도남동
4822025000,3,4822000000,경상남도 통영시 산양읍,산양읍
4822031000,3,4822000000,경상남도 통영시 용남면,용남면
4822033000,3,4822000000,경상남도 통영시 도산면,도산면
4822034000,3,4822000000,경상남도 통영시 광도면,광도면
4822035000,3,4822000000,경상남도 통영시 욕지면,욕지면
4822036000,3,4822000000,경상남도 통영시 한산면,한산면
4822037000,3,4822000000,경상남도 통영시 사량면,사량면
4824000000,2,4800000000,경상남도 사천시,사천시
4824010100,3,4824000000,경상남도 사천시 동동,동동
4824010200,3,4824000000,경상남도 사천시 서동,서동
4824010300,3,4824000000,경상남도 사천시 선구동,선구동
4824010400,3,4824000000,경상남도 사천시 동금동,동금동
4824010500,3,4824000000,경상남도 사천시 서금동,서금동
4824010600,3,4824000000,경상남도 사천시 동림동,동림동
4824010700,3,4824000000,경상남도 사천시 좌룡동,좌룡동
4824010800,3,4824000000,경상남도 사천시 벌리동,벌리동
4824010900,3,4824000000,경상남도 사천시 용강동,용강동
4824011000,3,4824000000,경상남도 사천시 와룡동,와룡동
4824011100,3,4824000000,경상남도 사천시 봉남동,봉남동
4824011200,3,4824000000,경상남도 사천시 이금동,이금동
4824011300,3,4824000000,경상남도 사천시 이홀동,이홀동
4824011400,3,4824000000,경상남도 사천시 궁지동,궁지동
4824011500,3,4824000000,경상남도 사천시 사등동,사등동
4824011600,3,4824000000,경상남도 사천시 향촌동,향촌동
4824011700,3,4824000000,경상남도 사천시 대방동,대방동
4824011800,3,4824000000,경상남도 사천시 실안동,실안동
4824011900,3,4824000000,경상남도 사천시 마도동,마도동
4824012000,3,4824000000,경상남도 사천시 늑도동,늑도동
4824012100,3,4824000000,경상남도 사천시 신수동,신수동
4824012200,3,4824000000,경상남도 사천시 백천동,백천동
4824012300,3,4824000000,경상남도 사천시 신벽동,신벽동
4824012400,3,4824000000,경상남도 사천시 노룡동,노룡동
4824012500,3,4824000000,경상남도 사천시 대포동,대포동
4824012600,3,4824000000,경상남도 사천시 송포동,송포동
4824012700,3,4824000000,경상남도 사천시 죽림동,죽림동
4824025000,3,4824000000,경상남도 사천시 사천읍,사천읍
4824031000,3,4824000000,경상남도 사천시 정동면,정동면
4824032000,3,4824000000,경상남도 사천시 사남면,사남면
4824033000,3,4824000000,경상남도 사천시 용현면,용현면
4824034000,3,4824000000,경상남도 사천시 축동면,축동면
4824035000,3,4824000000,경상남도 사천시 곤양면,곤양면
4824036000,3,4824000000,경상남도 사천시 곤명면,곤명면
4824037000,3,4824000000,경상남도 사천시 서포면,서포면
4825000000,2,4800000000,경상남도 김해시,김해시
4825010100,3,4825000000,경상남도 김해시 동상동,동상동
4825010200,3,4825000000,경상남도 김해시 서상동,서상동
4825010300,3,4825000000,경상남도 김해시 부원동,부원동
4825010400,3,4825000000,경상남도 김해시 봉황동,봉황동
4825010500,3,4825000000,경상남도 김해시 대성동,대성동
4825010600,3,4825000000,경상남도 김해시 구산동,구산동
4825010700,3,4825000000,경상남도 김해시 삼계동,삼계동
4825010800,3,4825000000,경상남도 김해시 내동,내동
4825010900,3,4825000000,경상남도 김해시 외동,외동
4825011000,3,4825000000,경상남도 김해시 흥동,흥동
4825011100,3,4825000000,경상남도 김해시 풍유동,풍유동
4825011200,3,4825000000,경상남도 김해시 명법동,명법동
4825011300,3,4825000000,경상남도 김해시 이동,이동
4825011400,3,4825000000,경상남도 김해시 화목동,화목동
4825011500,3,4825000000,경상남도 김해시 전하동,전하동
4825011600,3,4825000000,경상남도 김해시 강동,강동
4825011700,3,4825000000,경상남도 김해시 삼정동,삼정동
4825011800,3,4825000000,경상남도 김해시 어방동,어방동
4825011900,3,4825000000,경상남도 김해시 삼방동,삼방동
4825012000,3,4825000000,경상남도 김해시 안동,안동
4825012100,3,4825000000,경상남도 김해시 지내동,지내동
4825012200,3,4825000000,경상남도 김해시 불암동,불암동
4825012300,3,4825000000,경상남도 김해시 유하동,유하동
4825012400,3,4825000000,경상남도 김해시 내덕동,내덕동
4825012500,3,4825000000,경상남도 김해시 부곡동,부곡동
4825012600,3,4825000000,경상남도 김해시 무계동,무계동
4825012700,3,4825000000,경상남도 김해시 신문동,신문동
4825012800,3,4825000000,경상남도 김해시 삼문동,삼문동
4825012900,3,4825000000,경상남도 김해시 대청동,대청동
4825013000,3,4825000000,경상남도 김해시 관동동,관동동
4825013100,3,4825000000,경상남도 김해시 율하동,율하동
4825013200,3,4825000000,경상남도 김해시 장유동,장유동
4825013300,3,4825000000,경상남도 김해시 응달동,응달동
4825013400,3,4825000000,경상남도 김해시 수가동,수가동
4825025000,3,4825000000,경상남도 김해시 진영읍,진영읍
4825032000,3,4825000000,경상남도 김해시 주촌면,주촌면
4825033000,3,4825000000,경상남도 김해시 진례면,진례면
4825034000,3,4825000000,경상남도 김해시 한림면,한림면
4825035000,3,4825000000,경상남도 김해시 생림면,생림면
4825036000,3,4825000000,경상남도 김해시 상동면,상동면
4825037000,3,4825000000,경상남도 김해시 대동면,대동면
4827000000,2,4800000000,경상남도 밀양시,밀양시
4827010100,3,4827000000,경상남도 밀양시 내일동,내일동
4827010200,3,4827000000,경상남도 밀양시 내이동,내이동
4827010300,3,4827000000,경상남도 밀양시 교동,교동
4827010400,3,4827000000,경상남도 밀양시 삼문동,삼문동
4827010500,3,4827000000,경상남도 밀양시 남포동,남포동
4827010600,3,4827000000,경상남도 밀양시 용평동,용평동
4827010700,3,4827000000,경상남도 밀양시 활성동,활성동
4827010800,3,4827000000,경상남도 밀양시 가곡동,가곡동
4827025000,3,4827000000,경상남도 밀양시 삼랑진읍,삼랑진읍
4827025300,3,4827000000,경상남도 밀양시 하남읍,하남읍
4827031000,3,4827000000,경상남도 밀양시 부북면,부북면
4827032000,3,4827000000,경상남도 밀양시 상동면,상동면
4827033000,3,4827000000,경상남도 밀양시 산외면,산외면
4827034000,3,4827000000,경상남도 밀양시 산내면,산내면
4827035000,3,4827000000,경상남도 밀양시 단장면,단장면
4827036000,3,4827000000,경상남도 밀양시 상남면,상남면
4827037000,3,4827000000,경상남도 밀양시 초동면,초동면
4827038000,3,4827000000,경상남도 밀양시 무안면,무안면
4827039000,3,4827000000,경상남도 밀양시 청도면,청도면
4831000000,2,4800000000,경상남도 거제시,거제시
4831010100,3,4831000000,경상남도 거제시 능포동,능포동
4831010200,3,4831000000,경상남도 거제시 장승포동,장승포동
4831010300,3,4831000000,경상남도 거제시 두모동,두모동
4831010400,3,4831000000,경상남도 거제시 아양동,아양동
4831010500,3,4831000000,경상남도 거제시 아주동,아주동
4831010600,3,4831000000,경상남도 거제시 옥포동,옥포동
4831010700,3,4831000000,경상남도 거제시 덕포동,덕포동
4831010800,3,4831000000,경상남도 거제시 장평동,장평동
4831010900,3,4831000000,경상남도 거제시 고현동,고현동
4831011000,3,4831000000,경상남도 거제시 상동동,상동동
4831011100,3,4831000000,경상남도 거제시 문동동,문동동
4831011200,3,4831000000,경상남도 거제시 삼거동,삼거동
4831011300,3,4831000000,경상남도 거제시 양정동,양정동
4831011400,3,4831000000,경상남도 거제시 수월동,수월동
4831031000,3,4831000000,경상남도 거제시 일운면,일운면
4831032000,3,4831000000,경상남도 거제시 동부면,동부면
4831033000,3,4831000000,경상남도 거제시 남부면,남부면
4831034000,3,4831000000,경상남도 거제시 거제면,거제면
4831035000,3,4831000000,경상남도 거제시 둔덕면,둔덕면
4831036000,3,4831000000,경상남도 거제시 사등면,사등면
4831037000,3,4831000000,경상남도 거제시 연초면,연초면
4831038000,3,4831000000,경상남도 거제시 하청면,하청면
4831039000,3,4831000000,경상남도 거제시 장목면,장목면
4833000000,2,4800000000,경상남도 양산시,양산시
4833010100,3,4833000000,경상남도 양산시 다방동,다방동
4833010200,3,4833000000,경상남도 양산시 남부동,남부동
4833010300,3,4833000000,경상남도 양산시 중부동,중부동
4833010400,3,4833000000,경상남도 양산시 북부동,북부동
4833010500,3,4833000000,경상남도 양산시 명곡동,명곡동
4833010600,3,4833000000,경상남도 양산시 신기동,신기동
4833010700,3,4833000000,경상남도 양산시 북정동,북정동
4833010800,3,4833000000,경상남도 양산시 산막동,산막동
4833010900,3,4833000000,경상남도 양산시 호계동,호계동
4833011000,3,4833000000,경상남도 양산시 교동,교동
4833011100,3,4833000000,경상남도 양산시 유산동,유산동
4833011200,3,4833000000,경상남도 양산시 어곡동,어곡동
4833011300,3,4833000000,경상남도 양산시 용당동,용당동
4833011400,3,4833000000,경상남도 양산시 삼호동,삼호동
4833011500,3,4833000000,경상남도 양산시 명동,명동
4833011600,3,4833000000,경상남도 양산시 주남동,주남동
4833011700,3,4833000000,경상남도 양산시 소주동,소주동
4833011800,3,4833000000,경상남도 양산시 주진동,주진동
4833011900,3,4833000000,경상남도 양산시 평산동,평산동
4833012000,3,4833000000,경상남도 양산시 덕계동,덕계동
4833012100,3,4833000000,경상남도 양산시 매곡동,매곡동
4833025300,3,4833000000,경상남도 양산시 물금읍,물금읍
4833031000,3,4833000000,경상남도 양산시 동면,동면
4833032000,3,4833000000,경상남도 양산시 원동면,원동면
4833033000,3,4833000000,경상남도 양산시 상북면,상북면
4833034000,3,4833000000,경상남도 양산시 하북면,하북면
4872000000,2,4800000000,경상남도 의령군,의령군
4872025000,3,4872000000,경상남도 의령군 의령읍,의령읍
4872031000,3,4872000000,경상남도 의령군 가례면,가례면
4872032000,3,4872000000,경상남도 의령군 칠곡면,칠곡면
4872033000,3,4872000000,경상남도 의령군 대의면,대의면
4872034000,3,4872000000,경상남도 의령군 화정면,화정면
4872035000,3,4872000000,경상남도 의령군 용덕면,용덕면
4872036000,3,4872000000,경상남도 의령군 정곡면,정곡면
4872037000,3,4872000000,경상남도 의령군 지정면,지정면
4872038000,3,4872000000,경상남도 의령군 낙서면,낙서면
4872039000,3,4872000000,경상남도 의령군 부림면,부림면
4872040000,3,4872000000,경상남도 의령군 봉수면,봉수면
4872041500,3,4872000000,경상남도 의령군 궁류면,궁류면
4872042000,3,4872000000,경상남도 의령군 유곡면,유곡면
4873000000,2,4800000000,경상남도 함안군,함안군
4873025000,3,4873000000,경상남도 함안군 가야읍,가야읍
4873025300,3,4873000000,경상남도 함안군 칠원읍,칠원읍
4873031000,3,4873000000,경상남도 함안군 함안면,함안면
4873032000,3,4873000000,경상남도 함안군 군북면,군북면
4873033000,3,4873000000,경상남도 함안군 법수면,법수면
4873034000,3,4873000000,경상남도 함안군 대산면,대산면
4873035000,3,4873000000,경상남도 함안군 칠서면,칠서면
4873036000,3,4873000000,경상남도 함안군 칠북면,칠북면
4873038000,3,4873000000,경상남도 함안군 산인면,산인면
4873039000,3,4873000000,경상남도 함안군 여항면,여항면
4874000000,2,4800000000,경상남도 창녕군,창녕군
4874025000,3,4874000000,경상남도 창녕군 창녕읍,창녕읍
4874025300,3,4874000000,경상남도 창녕군 남지읍,남지읍
4874031000,3,4874000000,경상남도 창녕군 고암면,고암면
4874032000,3,4874000000,경상남도 창녕군 성산면,성산면
4874033000,3,4874000000,경상남도 창녕군 대합면,대합면
4874034000,3,4874000000,경상남도 창녕군 이방면,이방면
4874035000,3,4874000000,경상남도 창녕군 유어면,유어면
4874036000,3,4874000000,경상남도 창녕군 대지면,대지면
4874037000,3,4874000000,경상남도 창녕군 계성면,계성면
4874038000,3,4874000000,경상남도 창녕군 영산면,영산면
4874039000,3,4874000000,경상남도 창녕군 장마면,장마면
4874040000,3,4874000000,경상남도 창녕군 도천면,도천면
4874041000,3,4874000000,경상남도 창녕군 길곡면,길곡면
4874042000,3,4874000000,경상남도 창녕군 부곡면,부곡면
4882000000,2,4800000000,경상남도 고성군,고성군
4882025000,3,4882000000,경상남도 고성군 고성읍,고성읍
4882031000,3,4882000000,경상남도 고성군 삼산면,삼산면
4882032000,3,4882000000,경상남도 고성군 하일면,하일면
4882033000,3,4882000000,경상남도 고성군 하이면,하이면
4882034000,3,4882000000,경상남도 고성군 상리면,상리면
4882035000,3,4882000000,경상남도 고성군 대가면,대가면
4882036000,3,4882000000,경상남도 고성군 영현면,영현면
4882037000,3,4882000000,경상남도 고성군 영오면,영오면
4882038000,3,4882000000,경상남도 고성군 개천면,개천면
4882039000,3,4882000000,경상남도 고성군 구만면,구만면
4882040000,3,4882000000,경상남도 고성군 회화면,회화면
4882041000,3,4882000000,경상남도 고성군 마암면,마암면
4882042000,3,4882000000,경상남도 고성군 동해면,동해면
4882043000,3,4882000000,경상남도 고성군 거류면,거류면
4884000000,2,4800000000,경상남도 남해군,남해군
4884025000,3,4884000000,경상남도 남해군 남해읍,남해읍
4884031000,3,4884000000,경상남도 남해군 이동면,이동면
4884032000,3,4884000000,경상남도 남해군 상주면,상주면
4884033000,3,4884000000,경상남도 남해군 삼동면,삼동면
4884034000,3,4884000000,경상남도 남해군 미조면,미조면
4884035000,3,4884000000,경상남도 남해군 남면,남면
4884036000,3,4884000000,경상남도 남해군 서면,서면
4884037000,3,4884000000,경상남도 남해군 고현면,고현면
4884038000,3,4884000000,경상남도 남해군 설천면,설천면
4884039000,3,4884000000,경상남도 남해군 창선면,창선면
4885000000,2,4800000000,경상남도 하동군,하동군
4885025000,3,4885000000,경상남도 하동군 하동읍,하동읍
4885031000,3,4885000000,경상남도 하동군 화개면,화개면
4885032000,3,4885000000,경상남도 하동군 악양면,악양면
4885033000,3,4885000000,경상남도 하동군 적량면,적량면
4885034000,3,4885000000,경상남도 하동군 횡천면,횡천면
4885035000,3,4885000000,경상남도 하동군 고전면,고전면
4885036000,3,4885000000,경상남도 하동군 금남면,금남면
4885037000,3,4885000000,경상남도 하동군 진교면,진교면
4885038000,3,4885000000,경상남도 하동군 양보면,양보면
4885039000,3,4885000000,경상남도 하동군 북천면,북천면
4885040000,3,4885000000,경상남도 하동군 청암면,청암면
4885041000,3,4885000000,경상남도 하동군 옥종면,옥종면
4885042000,3,4885000000,경상남도 하동군 금성면,금성면
4886000000,2,4800000000,경상남도 산청군,산청군
4886025000,3,4886000000,경상남도 산청군 산청읍,산청읍
4886031000,3,4886000000,경상남도 산청군 차황면,차황면
4886032000,3,4886000000,경상남도 산청군 오부면,오부면
4886033000,3,4886000000,경상남도 산청군 생초면,생초면
4886034000,3,4886000000,경상남도 산청군 금서면,금서면
4886035000,3,4886000000,경상남도 산청군 삼장면,삼장면
4886036000,3,4886000000,경상남도 산청군 시천면,시천면
4886037000,3,4886000000,경상남도 산청군 단성면,단성면
4886038000,3,4886000000,경상남도 산청군 신안면,신안면
4886039000,3,4886000000,경상남도 산청군 생비량면,생비량면
4886040000,3,4886000000,경상남도 산청군 신등면,신등면
4887000000,2,4800000000,경상남도 함양군,함양군
4887025000,3,4887000000,경상남도 함양군 함양읍,함양읍
4887031000,3,4887000000,경상남도 함양군 마천면,마천면
4887032000,3,4887000000,경상남도 함양군 휴천면,휴천면
4887033000,3,4887000000,경상남도 함양군 유림면,유림면
4887034000,3,4887000000,경상남도 함양군 수동면,수동면
4887035000,3,4887000000,경상남도 함양군 지곡면,지곡면
4887036000,3,4887000000,경상남도 함양군 안의면,안의면
4887037000,3,4887000000,경상남도 함양군 서하면,서하면
4887038000,3,4887000000,경상남도 함양군 서상면,서상면
4887039000,3,4887000000,경상남도 함양군 백전면,백전면
4887040000,3,4887000000,경상남도 함양군 병곡면,병곡면
4888000000,2,4800000000,경상남도 거창군,거창군
4888025000,3,4888000000,경상남도 거창군 거창읍,거창읍
4888031000,3,4888000000,경상남도 거창군 주상면,주상면
4888032000,3,4888000000,경상남도 거창군 웅양면,웅양면
4888033000,3,4888000000,경상남도 거창군 고제면,고제면
4888034000,3,4888000000,경상남도 거창군 북상면,북상면
4888035000,3,4888000000,경상남도 거창군 위천면,위천면
4888036000,3,4888000000,경상남도 거창군 마리면,마리면
4888037000,3,4888000000,경상남도 거창군 남상면,남상면
4888038000,3,4888000000,경상남도 거창군 남하면,남하면
4888039000,3,4888000000,경상남도 거창군 신원면,신원면
4888040000,3,4888000000,경상남도 거창군 가조면,가조면
4888041000,3,4888000000,경상남도 거창군 가북면,가북면
4889000000,2,4800000000,경상남도 합천군,합천군
4889025000,3,4889000000,경상남도 합천군 합천읍,합천읍
4889031000,3,4889000000,경상남도 합천군 봉산면,봉산면
4889032000,3,4889000000,경상남도 합천군 묘산면,묘산면
4889033000,3,4889000000,경상남도 합천군 가야면,가야면
4889034000,3,4889000000,경상남도 합천군 야로면,야로면
4889035000,3,4889000000,경상남도 합천군 율곡면,율곡면
4889036000,3,4889000000,경상남도 합천군 초계면,초계면
4889037000,3,4889000000,경상남도 합천군 쌍책면,쌍책면
4889038000,3,4889000000,경상남도 합천군 덕곡면,덕곡면
4889039000,3,4889000000,경상남도 합천군 청덕면,청덕면
4889040000,3,4889000000,경상남도 합천군 적중면,적중면
4889041000,3,4889000000,경상남도 합천군 대양면,대양면
4889042000,3,4889000000,경상남도 합천군 쌍백면,쌍백면
4889043000,3,4889000000,경상남도 합천군 삼가면,삼가면
4889044000,3,4889000000,경상남도 합천군 가회면,가회면
4889045000,3,4889000000,경상남도 합천군 대병면,대병면
4889046000,3,4889000000,경상남도 합천군 용주면,용주면
5000000000,1,,제주특별자치도,제주특별자치도
5011000000,2,5000000000,제주특별자치도 제주시,제주시
5011010100,3,5011000000,제주특별자치도 제주시 일도일동,일도일동
5011010200,3,5011000000,제주특별자치도 제주시 일도이동,일도이동
5011010300,3,5011000000,제주특별자치도 제주시 이도일동,이도일동
5011010400,3,5011000000,제주특별자치도 제주시 이도이동,이도이동
5011010500,3,5011000000,제주특별자치도 제주시 삼도일동,삼도일동
5011010600,3,5011000000,제주특별자치도 제주시 삼도이동,삼도이동
5011010700,3,5011000000,제주특별자치도 제주시 건입동,건입동
5011010800,3,5011000000,제주특별자치도 제주시 용담일동,용담일동
5011010900,3,5011000000,제주특별자치도 제주시 용담이동,용담이동
5011011000,3,5011000000,제주특별자치도 제주시 용담삼동,용담삼동
5011011100,3,5011000000,제주특별자치도 제주시 화북일동,화북일동
5011011200,3,5011000000,제주특별자치도 제주시 화북이동,화북이동
5011011300,3,5011000000,제주특별자치도 제주시 삼양일동,삼양일동
5011011400,3,5011000000,제주특별자치도 제주시 삼양이동,삼양이동
5011011500,3,5011000000,제주특별자치도 제주시 삼양삼동,삼양삼동
5011011600,3,5011000000,제주특별자치도 제주시 봉개동,봉개동
5011011700,3,5011000000,제주특별자치도 제주시 아라일동,아라일동
5011011800,3,5011000000,제주특별자치도 제주시 아라이동,아라이동
5011011900,3,5011000000,제주특별자치도 제주시 오라일동,오라일동
5011012000,3,5011000000,제주특별자치도 제주시 오라이동,오라이동
5011012100,3,5011000000,제주특별자치도 제주시 오라삼동,오라삼동
5011012200,3,5011000000,제주특별자치도 제주시 노형동,노형동
5011012300,3,5011000000,제주특별자치도 제주시 외도일동,외도일동
5011012400,3,5011000000,제주특별자치도 제주시 외도이동,외도이동
5011012500,3,5011000000,제주특별자치도 제주시 이호일동,이호일동
5011012600,3,5011000000,제주특별자치도 제주시 이호이동,이호이동
5011012700,3,5011000000,제주특별자치도 제주시 도두일동,도두일동
5011012800,3,5011000000,제주특별자치도 제주시 도두이동,도두이동
5011012900,3,5011000000,제주특별자치도 제주시 도남동,도남동
5011013000,3,5011000000,제주특별자치도 제주시 도련일동,도련일동
5011013100,3,5011000000,제주특별자치도 제주시 도련이동,도련이동
5011013200,3,5011000000,제주특별자치도 제주시 용강동,용강동
5011013300,3,5011000000,제주특별자치도 제주시 회천동,회천동
5011013400,3,5011000000,제주특별자치도 제주시 오등동,오등동
5011013500,3,5011000000,제주특별자치도 제주시 월평동,월평동
5011013600,3,5011000000,제주특별자치도 제주시 영평동,영평동
5011013700,3,5011000000,제주특별자치도 제주시 연동,연동
5011013800,3,5011000000,제주특별자치도 제주시 도평동,도평동
5011013900,3,5011000000,제주특별자치도 제주시 해안동,해안동
5011014000,3,5011000000,제주특별자치도 제주시 내도동,내도동
5011025000,3,5011000000,제주특별자치도 제주시 한림읍,한림읍
5011025300,3,5011000000,제주특별자치도 제주시 애월읍,애월읍
5011025600,3,5011000000,제주특별자치도 제주시 구좌읍,구좌읍
5011025900,3,5011000000,제주특별자치도 제주시 조천읍,조천읍
5011031000,3,5011000000,제주특별자치도 제주시 한경면,한경면
5011032000,3,5011000000,제주특별자치도 제주시 추자면,추자면
5011033000,3,5011000000,제주특별자치도 제주시 우도면,우도면
5013000000,2,5000000000,제주특별자치도 서귀포시,서귀포시
5013010100,3,5013000000,제주특별자치도 서귀포시 서귀동,서귀동
5013010200,3,5013000000,제주특별자치도 서귀포시 법환동,법환동
5013010300,3,5013000000,제주특별자치도 서귀포시 서호동,서호동
5013010400,3,5013000000,제주특별자치도 서귀포시 호근동,호근동
5013010500,3,5013000000,제주특별자치도 서귀포시 동홍동,동홍동
5013010600,3,5013000000,제주특별자치도 서귀포시 서홍동,서홍동
5013010700,3,5013000000,제주특별자치도 서귀포시 상효동,상효동
5013010800,3,5013000000,제주특별자치도 서귀포시 하효동,하효동
5013010900,3,5013000000,제주특별자치도 서귀포시 신효동,신효동
5013011000,3,5013000000,제주특별자치도 서귀포시 보목동,보목동
5013011100,3,5013000000,제주특별자치도 서귀포시 토평동,토평동
5013011200,3,5013000000,제주특별자치도 서귀포시 중문동,중문동
5013011300,3,5013000000,제주특별자치도 서귀포시 회수동,회수동
5013011400,3,5013000000,제주특별자치도 서귀포시 대포동,대포동
5013011500,3,5013000000,제주특별자치도 서귀포시 월평동,월평동
5013011600,3,5013000000,제주특별자치도 서귀포시 강정동,강정동
5013011700,3,5013000000,제주특별자치도 서귀포시 도순동,도순동
5013011800,3,5013000000,제주특별자치도 서귀포시 하원동,하원동
5013011900,3,5013000000,제주특별자치도 서귀포시 색달동,색달동
5013012000,3,5013000000,제주특별자치도 서귀포시 상예동,상예동
5013012100,3,5013000000,제주특별자치도 서귀포시 하예동,하예동
5013012200,3,5013000000,제주특별자치도 서귀포시 영남동,영남동
5013025000,3,5013000000,제주특별자치도 서귀포시 대정읍,대정읍
5013025300,3,5013000000,제주특별자치도 서귀포시 남원읍,남원읍
5013025900,3,5013000000,제주특별자치도 서귀포시 성산읍,성산읍
5013031000,3,5013000000,제주특별자치도 서귀포시 안덕면,안덕면
5013032000,3,5013000000,제주특별자치도 서귀포시 표선면,표선면
5100000000,1,,강원특별자치도,강원특별자치도
5111000000,2,5100000000,강원특별자치도 춘천시,춘천시
5111010100,3,5111000000,강원특별자치도 춘천시 봉의동,봉의동
5111010200,3,5111000000,강원특별자치도 춘천시 요선동,요선동
5111010300,3,5111000000,강원특별자치도 춘천시 낙원동,낙원동
5111010400,3,5111000000,강원특별자치도 춘천시 중앙로1가,중앙로1가
5111010500,3,5111000000,강원특별자치도 춘천시 중앙로2가,중앙로2가
5111010600,3,5111000000,강원특별자치도 춘천시 중앙로3가,중앙로3가
5111010700,3,5111000000,강원특별자치도 춘천시 옥천동,옥천동
5111010800,3,5111000000,강원특별자치도 춘천시 조양동,조양동
5111010900,3,5111000000,강원특별자치도 춘천시 죽림동,죽림동
5111011000,3,5111000000,강원특별자치도 춘천시 운교동,운교동
5111011100,3,5111000000,강원특별자치도 춘천시 약사동,약사동
5111011200,3,5111000000,강원특별자치도 춘천시 효자동,효자동
5111011300,3,5111000000,강원특별자치도 춘천시 소양로1가,소양로1가
5111011400,3,5111000000,강원특별자치도 춘천시 소양로2가,소양로2가
5111011500,3,5111000000,강원특별자치도 춘천시 소양로3가,소양로3가
5111011600,3,5111000000,강원특별자치도 춘천시 소양로4가,소양로4가
5111011700,3,5111000000,강원특별자치도 춘천시 근화동,근화동
5111011800,3,5111000000,강원특별자치도 춘천시 우두동,우두동
5111011900,3,5111000000,강원특별자치도 춘천시 사농동,사농동
5111012000,3,5111000000,강원특별자치도 춘천시 후평동,후평동
5111012100,3,5111000000,강원특별자치도 춘천시 온의동,온의동
5111012200,3,5111000000,강원특별자치도 춘천시 교동,교동
5111012300,3,5111000000,강원특별자치도 춘천시 퇴계동,퇴계동
5111012400,3,5111000000,강원특별자치도 춘천시 석사동,석사동
5111012500,3,5111000000,강원특별자치도 춘천시 삼천동,삼천동
5111012600,3,5111000000,강원특별자치도 춘천시 칠전동,칠전동
5111012700,3,5111000000,강원특별자치도 춘천시 송암동,송암동
5111012800,3,5111000000,강원특별자치도 춘천시 신동,신동
5111012900,3,5111000000,강원특별자치도 춘천시 중도동,중도동
5111025000,3,5111000000,강원특별자치도 춘천시 신북읍,신북읍
5111031000,3,5111000000,강원특별자치도 춘천시 동면,동면
5111032000,3,5111000000,강원특별자치도 춘천시 동산면,동산면
5111033000,3,5111000000,강원특별자치도 춘천시 신동면,신동면
5111034000,3,5111000000,강원특별자치도 춘천시 남면,남면
5111035000,3,5111000000,강원특별자치도 춘천시 서면,서면
5111036000,3,5111000000,강원특별자치도 춘천시 사북면,사북면
5111038000,3,5111000000,강원특별자치도 춘천시 북산면,북산면
5111039000,3,5111000000,강원특별자치도 춘천시 동내면,동내면
5111040000,3,5111000000,강원특별자치도 춘천시 남산면,남산면
5113000000,2,5100000000,강원특별자치도 원주시,원주시
5113010100,3,5113000000,강원특별자치도 원주시 중앙동,중앙동
5113010200,3,5113000000,강원특별자치도 원주시 평원동,평원동
5113010300,3,5113000000,강원특별자치도 원주시 원동,원동
5113010400,3,5113000000,강원특별자치도 원주시 인동,인동
5113010500,3,5113000000,강원특별자치도 원주시 개운동,개운동
5113010600,3,5113000000,강원특별자치도 원주시 명륜동,명륜동
5113010700,3,5113000000,강원특별자치도 원주시 단구동,단구동
5113010800,3,5113000000,강원특별자치도 원주시 일산동,일산동
5113010900,3,5113000000,강원특별자치도 원주시 학성동,학성동
5113011000,3,5113000000,강원특별자치도 원주시 단계동,단계동
5113011100,3,5113000000,강원특별자치도 원주시 우산동,우산동
5113011200,3,5113000000,강원특별자치도 원주시 태장동,태장동
5113011300,3,5113000000,강원특별자치도 원주시 봉산동,봉산동
5113011400,3,5113000000,강원특별자치도 원주시 행구동,행구동
5113011500,3,5113000000,강원특별자치도 원주시 무실동,무실동
5113011600,3,5113000000,강원특별자치도 원주시 관설동,관설동
5113011700,3,5113000000,강원특별자치도 원주시 반곡동,반곡동
5113011800,3,5113000000,강원특별자치도 원주시 가현동,가현동
5113025000,3,5113000000,강원특별자치도 원주시 문막읍,문막읍
5113031000,3,5113000000,강원특별자치도 원주시 소초면,소초면
5113032000,3,5113000000,강원특별자치도 원주시 호저면,호저면
5113033000,3,5113000000,강원특별자치도 원주시 지정면,지정면
5113035000,3,5113000000,강원특별자치도 원주시 부론면,부론면
5113036000,3,5113000000,강원특별자치도 원주시 귀래면,귀래면
5113037000,3,5113000000,강원특별자치도 원주시 흥업면,흥업면
5113038000,3,5113000000,강원특별자치도 원주시 판부면,판부면
5113039000,3,5113000000,강원특별자치도 원주시 신림면,신림면
5115000000,2,5100000000,강원특별자치도 강릉시,강릉시
5115010100,3,5115000000,강원특별자치도 강릉시 홍제동,홍제동
5115010200,3,5115000000,강원특별자치도 강릉시 남문동,남문동
5115010300,3,5115000000,강원특별자치도 강릉시 명주동,명주동
5115010400,3,5115000000,강원특별자치도 강릉시 성내동,성내동
5115010500,3,5115000000,강원특별자치도 강릉시 임당동,임당동
5115010600,3,5115000000,강원특별자치도 강릉시 금학동,금학동
5115010700,3,5115000000,강원특별자치도 강릉시 용강동,용강동
5115010800,3,5115000000,강원특별자치도 강릉시 성남동,성남동
5115010900,3,5115000000,강원특별자치도 강릉시 옥천동,옥천동
5115011000,3,5115000000,강원특별자치도 강릉시 교동,교동
5115011100,3,5115000000,강원특별자치도 강릉시 포남동,포남동
5115011200,3,5115000000,강원특별자치도 강릉시 초당동,초당동
5115011300,3,5115000000,강원특별자치도 강릉시 강문동,강문동
5115011400,3,5115000000,강원특별자치도 강릉시 송정동,송정동
5115011500,3,5115000000,강원특별자치도 강릉시 견소동,견소동
5115011600,3,5115000000,강원특별자치도 강릉시 내곡동,내곡동
5115011700,3,5115000000,강원특별자치도 강릉시 회산동,회산동
5115011800,3,5115000000,강원특별자치도 강릉시 장현동,장현동
5115011900,3,5115000000,강원특별자치도 강릉시 박월동,박월동
5115012000,3,5115000000,강원특별자치도 강릉시 담산동,담산동
5115012100,3,5115000000,강원특별자치도 강릉시 노암동,노암동
5115012200,3,5115000000,강원특별자치도 강릉시 유산동,유산동
5115012300,3,5115000000,강원특별자치도 강릉시 월호평동,월호평동
5115012400,3,5115000000,강원특별자치도 강릉시 신석동,신석동
5115012500,3,5115000000,강원특별자치도 강릉시 입암동,입암동
5115012600,3,5115000000,강원특별자치도 강릉시 청량동,청량동
5115012700,3,5115000000,강원특별자치도 강릉시 두산동,두산동
5115012800,3,5115000000,강원특별자치도 강릉시 학동,학동
5115012900,3,5115000000,강원특별자치도 강릉시 병산동,병산동
5115013000,3,5115000000,강원특별자치도 강릉시 남항진동,남항진동
5115013100,3,5115000000,강원특별자치도 강릉시 유천동,유천동
5115013200,3,5115000000,강원특별자치도 강릉시 지변동,지변동
5115013300,3,5115000000,강원특별자치도 강릉시 죽헌동,죽헌동
5115013400,3,5115000000,강원특별자치도 강릉시 대전동,대전동
5115013500,3,5115000000,강원특별자치도 강릉시 운정동,운정동
5115013600,3,5115000000,강원특별자치도 강릉시 난곡동,난곡동
5115013700,3,5115000000,강원특별자치도 강릉시 저동,저동
5115013800,3,5115000000,강원특별자치도 강릉시 안현동,안현동
5115013900,3,5115000000,강원특별자치도 강릉시 운산동,운산동
5115025000,3,5115000000,강원특별자치도 강릉시 주문진읍,주문진읍
5115031000,3,5115000000,강원특별자치도 강릉시 성산면,성산면
5115032000,3,5115000000,강원특별자치도 강릉시 왕산면,왕산면
5115033000,3,5115000000,강원특별자치도 강릉시 구정면,구정면
5115034000,3,5115000000,강원특별자치도 강릉시 강동면,강동면
5115035000,3,5115000000,강원특별자치도 강릉시 옥계면,옥계면
5115036000,3,5115000000,강원특별자치도 강릉시 사천면,사천면
5115037000,3,5115000000,강원특별자치도 강릉시 연곡면,연곡면
5117000000,2,5100000000,강원특별자치도 동해시,동해시
5117010100,3,5117000000,강원특별자치도 동해시 천곡동,천곡동
5117010200,3,5117000000,강원특별자치도 동해시 평릉동,평릉동
5117010300,3,5117000000,강원특별자치도 동해시 송정동,송정동
5117010400,3,5117000000,강원특별자치도 동해시 용정동,용정동
5117010500,3,5117000000,강원특별자치도 동해시 지흥동,지흥동
5117010600,3,5117000000,강원특별자치도 동해시 효가동,효가동
5117010700,3,5117000000,강원특별자치도 동해시 동회동,동회동
5117010800,3,5117000000,강원특별자치도 동해시 나안동,나안동
5117010900,3,5117000000,강원특별자치도 동해시 쇄운동,쇄운동
5117011000,3,5117000000,강원특별자치도 동해시 부곡동,부곡동
5117011100,3,5117000000,강원특별자치도 동해시 발한동,발한동
5117011200,3,5117000000,강원특별자치도 동해시 북평동,북평동
5117011300,3,5117000000,강원특별자치도 동해시 구미동,구미동
5117011400,3,5117000000,강원특별자치도 동해시 추암동,추암동
5117011500,3,5117000000,강원특별자치도 동해시 구호동,구호동
5117011600,3,5117000000,강원특별자치도 동해시 단봉동,단봉동
5117011700,3,5117000000,강원특별자치도 동해시 지가동,지가동
5117011800,3,5117000000,강원특별자치도 동해시 이도동,이도동
5117011900,3,5117000000,강원특별자치도 동해시 귀운동,귀운동
5117012000,3,5117000000,강원특별자치도 동해시 대구동,대구동
5117012100,3,5117000000,강원특별자치도 동해시 호현동,호현동
5117012200,3,5117000000,강원특별자치도 동해시 내동,내동
5117012300,3,5117000000,강원특별자치도 동해시 묵호진동,묵호진동
5117012400,3,5117000000,강원특별자치도 동해시 삼화동,삼화동
5117012500,3,5117000000,강원특별자치도 동해시 이기동,이기동
5117012600,3,5117000000,강원특별자치도 동해시 이로동,이로동
5117012700,3,5117000000,강원특별자치도 동해시 어달동,어달동
5117012800,3,5117000000,강원특별자치도 동해시 대진동,대진동
5117012900,3,5117000000,강원특별자치도 동해시 망상동,망상동
5117013000,3,5117000000,강원특별자치도 동해시 심곡동,심곡동
5117013100,3,5117000000,강원특별자치도 동해시 초구동,초구동
5117013200,3,5117000000,강원특별자치도 동해시 괴란동,괴란동
5117013300,3,5117000000,강원특별자치도 동해시 만우동,만우동
5117013400,3,5117000000,강원특별자치도 동해시 신흥동,신흥동
5117013500,3,5117000000,강원특별자치도 동해시 비천동,비천동
5117013600,3,5117000000,강원특별자치도 동해시 달방동,달방동
5119000000,2,5100000000,강원특별자치도 태백시,태백시
5119010100,3,5119000000,강원특별자치도 태백시 황지동,황지동
5119010200,3,5119000000,강원특별자치도 태백시 장성동,장성동
5119010300,3,5119000000,강원특별자치도 태백시 금천동,금천동
5119010400,3,5119000000,강원특별자치도 태백시 철암동,철암동
5119010500,3,5119000000,강원특별자치도 태백시 문곡동,문곡동
5119010600,3,5119000000,강원특별자치도 태백시 동점동,동점동
5119010700,3,5119000000,강원특별자치도 태백시 소도동,소도동
5119010800,3,5119000000,강원특별자치도 태백시 혈동,혈동
5119010900,3,5119000000,강원특별자치도 태백시 화전동,화전동
5119011000,3,5119000000,강원특별자치도 태백시 적각동,적각동
5119011100,3,5119000000,강원특별자치도 태백시 창죽동,창죽동
5119011200,3,5119000000,강원특별자치도 태백시 통동,통동
5119011300,3,5119000000,강원특별자치도 태백시 백산동,백산동
5119011400,3,5119000000,강원특별자치도 태백시 원동,원동
5119011500,3,5119000000,강원특별자치도 태백시 상사미동,상사미동
5119011600,3,5119000000,강원특별자치도 태백시 하사미동,하사미동
5119011700,3,5119000000,강원특별자치도 태백시 조탄동,조탄동
5121000000,2,5100000000,강원특별자치도 속초시,속초시
5121010100,3,5121000000,강원특별자치도 속초시 영랑동,영랑동
5121010200,3,5121000000,강원특별자치도 속초시 동명동,동명동
5121010300,3,5121000000,강원특별자치도 속초시 중앙동,중앙동
5121010400,3,5121000000,강원특별자치도 속초시 금호동,금호동
5121010500,3,5121000000,강원특별자치도 속초시 청학동,청학동
5121010600,3,5121000000,강원특별자치도 속초시 교동,교동
5121010700,3,5121000000,강원특별자치도 속초시 노학동,노학동
5121010800,3,5121000000,강원특별자치도 속초시 조양동,조양동
5121010900,3,5121000000,강원특별자치도 속초시 청호동,청호동
5121011000,3,5121000000,강원특별자치도 속초시 대포동,대포동
5121011100,3,5121000000,강원특별자치도 속초시 도문동,도문동
5121011200,3,5121000000,강원특별자치도 속초시 설악동,설악동
5121011300,3,5121000000,강원특별자치도 속초시 장사동,장사동
5123000000,2,5100000000,강원특별자치도 삼척시,삼척시
5123010100,3,5123000000,강원특별자치도 삼척시 성내동,성내동
5123010200,3,5123000000,강원특별자치도 삼척시 성북동,성북동
5123010300,3,5123000000,강원특별자치도 삼척시 읍상동,읍상동
5123010400,3,5123000000,강원특별자치도 삼척시 읍중동,읍중동
5123010500,3,5123000000,강원특별자치도 삼척시 당저동,당저동
5123010600,3,5123000000,강원특별자치도 삼척시 교동,교동
5123010700,3,5123000000,강원특별자치도 삼척시 갈천동,갈천동
5123010800,3,5123000000,강원특별자치도 삼척시 증산동,증산동
5123010900,3,5123000000,강원특별자치도 삼척시 우지동,우지동
5123011000,3,5123000000,강원특별자치도 삼척시 마달동,마달동
5123011100,3,5123000000,강원특별자치도 삼척시 자원동,자원동
5123011200,3,5123000000,강원특별자치도 삼척시 평전동,평전동
5123011300,3,5123000000,강원특별자치도 삼척시 등봉동,등봉동
5123011400,3,5123000000,강원특별자치도 삼척시 도경동,도경동
5123011500,3,5123000000,강원특별자치도 삼척시 마평동,마평동
5123011600,3,5123000000,강원특별자치도 삼척시 오사동,오사동
5123011700,3,5123000000,강원특별자치도 삼척시 건지동,건지동
5123011800,3,5123000000,강원특별자치도 삼척시 원당동,원당동
5123011900,3,5123000000,강원특별자치도 삼척시 성남동,성남동
5123012000,3,5123000000,강원특별자치도 삼척시 남양동,남양동
5123012100,3,5123000000,강원특별자치도 삼척시 사직동,사직동
5123012200,3,5123000000,강원특별자치도 삼척시 오분동,오분동
5123012300,3,5123000000,강원특별자치도 삼척시 적노동,적노동
5123012400,3,5123000000,강원특별자치도 삼척시 조비동,조비동
5123012500,3,5123000000,강원특별자치도 삼척시 정상동,정상동
5123012600,3,5123000000,강원특별자치도 삼척시 정하동,정하동
5123012700,3,5123000000,강원특별자치도 삼척시 근산동,근산동
5123025000,3,5123000000,강원특별자치도 삼척시 도계읍,도계읍
5123025300,3,5123000000,강원특별자치도 삼척시 원덕읍,원덕읍
5123031000,3,5123000000,강원특별자치도 삼척시 근덕면,근덕면
5123032000,3,5123000000,강원특별자치도 삼척시 하장면,하장면
5123033000,3,5123000000,강원특별자치도 삼척시 노곡면,노곡면
5123034000,3,5123000000,강원특별자치도 삼척시 미로면,미로면
5123035000,3,5123000000,강원특별자치도 삼척시 가곡면,가곡면
5123036000,3,5123000000,강원특별자치도 삼척시 신기면,신기면
5172000000,2,5100000000,강원특별자치도 홍천군,홍천군
5172025000,3,5172000000,강원특별자치도 홍천군 홍천읍,홍천읍
5172031000,3,5172000000,강원특별자치도 홍천군 화촌면,화촌면
5172032000,3,5172000000,강원특별자치도 홍천군 두촌면,두촌면
5172033000,3,5172000000,강원특별자치도 홍천군 내촌면,내촌면
5172034000,3,5172000000,강원특별자치도 홍천군 서석면,서석면
5172035200,3,5172000000,강원특별자치도 홍천군 영귀미면,영귀미면
5172036000,3,5172000000,강원특별자치도 홍천군 남면,남면
5172037000,3,5172000000,강원특별자치도 홍천군 서면,서면
5172038000,3,5172000000,강원특별자치도 홍천군 북방면,북방면
5172039000,3,5172000000,강원특별자치도 홍천군 내면,내면
5173000000,2,5100000000,강원특별자치도 횡성군,횡성군
5173025000,3,5173000000,강원특별자치도 횡성군 횡성읍,횡성읍
5173031000,3,5173000000,강원특별자치도 횡성군 우천면,우천면
5173032000,3,5173000000,강원특별자치도 횡성군 안흥면,안흥면
5173033000,3,5173000000,강원특별자치도 횡성군 둔내면,둔내면
5173034000,3,5173000000,강원특별자치도 횡성군 갑천면,갑천면
5173035000,3,5173000000,강원특별자치도 횡성군 청일면,청일면
5173036000,3,5173000000,강원특별자치도 횡성군 공근면,공근면
5173037000,3,5173000000,강원특별자치도 횡성군 서원면,서원면
5173038000,3,5173000000,강원특별자치도 횡성군 강림면,강림면
5175000000,2,5100000000,강원특별자치도 영월군,영월군
5175025000,3,5175000000,강원특별자치도 영월군 영월읍,영월읍
5175025300,3,5175000000,강원특별자치도 영월군 상동읍,상동읍
5175031200,3,5175000000,강원특별자치도 영월군 산솔면,산솔면
5175032500,3,5175000000,강원특별자치도 영월군 김삿갓면,김삿갓면
5175033000,3,5175000000,강원특별자치도 영월군 북면,북면
5175034000,3,5175000000,강원특별자치도 영월군 남면,남면
5175035500,3,5175000000,강원특별자치도 영월군 한반도면,한반도면
5175036000,3,5175000000,강원특별자치도 영월군 주천면,주천면
5175038000,3,5175000000,강원특별자치도 영월군 무릉도원면,무릉도원면
5176000000,2,5100000000,강원특별자치도 평창군,평창군
5176025000,3,5176000000,강원특별자치도 평창군 평창읍,평창읍
5176031000,3,5176000000,강원특별자치도 평창군 미탄면,미탄면
5176032000,3,5176000000,강원특별자치도 평창군 방림면,방림면
5176033000,3,5176000000,강원특별자치도 평창군 대화면,대화면
5176034000,3,5176000000,강원특별자치도 평창군 봉평면,봉평면
5176035000,3,5176000000,강원특별자치도 평창군 용평면,용평면
5176036000,3,5176000000,강원특별자치도 평창군 진부면,진부면
5176038000,3,5176000000,강원특별자치도 평창군 대관령면,대관령면
5177000000,2,5100000000,강원특별자치도 정선군,정선군
5177025000,3,5177000000,강원특별자치도 정선군 정선읍,정선읍
5177025300,3,5177000000,강원특별자치도 정선군 고한읍,고한읍
5177025600,3,5177000000,강원특별자치도 정선군 사북읍,사북읍
5177025900,3,5177000000,강원특별자치도 정선군 신동읍,신동읍
5177032000,3,5177000000,강원특별자치도 정선군 남면,남면
5177034000,3,5177000000,강원특별자치도 정선군 북평면,북평면
5177035000,3,5177000000,강원특별자치도 정선군 임계면,임계면
5177036000,3,5177000000,강원특별자치도 정선군 화암면,화암면
5177037000,3,5177000000,강원특별자치도 정선군 여량면,여량면
5178000000,2,5100000000,강원특별자치도 철원군,철원군
5178025000,3,5178000000,강원특별자치도 철원군 철원읍,철원읍
5178025300,3,5178000000,강원특별자치도 철원군 김화읍,김화읍
5178025600,3,5178000000,강원특별자치도 철원군 갈말읍,갈말읍
5178025900,3,5178000000,강원특별자치도 철원군 동송읍,동송읍
5178031000,3,5178000000,강원특별자치도 철원군 서면,서면
5178032000,3,5178000000,강원특별자치도 철원군 근남면,근남면
5178033000,3,5178000000,강원특별자치도 철원군 근북면,근북면
5178034000,3,5178000000,강원특별자치도 철원군 근동면,근동면
5178035000,3,5178000000,강원특별자치도 철원군 원동면,원동면
5178036000,3,5178000000,강원특별자치도 철원군 원남면,원남면
5178037000,3,5178000000,강원특별자치도 철원군 임남면,임남면
5179000000,2,5100000000,강원특별자치도 화천군,화천군
5179025000,3,5179000000,강원특별자치도 화천군 화천읍,화천읍
5179031000,3,5179000000,강원특별자치도 화천군 간동면,간동면
5179032000,3,5179000000,강원특별자치도 화천군 하남면,하남면
5179033000,3,5179000000,강원특별자치도 화천군 상서면,상서면
5179034000,3,5179000000,강원특별자치도 화천군 사내면,사내면
5180000000,2,5100000000,강원특별자치도 양구군,양구군
5180025000,3,5180000000,강원특별자치도 양구군 양구읍,양구읍
5180031500,3,5180000000,강원특별자치도 양구군 국토정중앙면,국토정중앙면
5180032000,3,5180000000,강원특별자치도 양구군 동면,동면
5180033000,3,5180000000,강원특별자치도 양구군 방산면,방산면
5180034000,3,5180000000,강원특별자치도 양구군 해안면,해안면
5181000000,2,5100000000,강원특별자치도 인제군,인제군
5181025000,3,5181000000,강원특별자치도 인제군 인제읍,인제읍
5181031000,3,5181000000,강원특별자치도 인제군 남면,남면
5181032000,3,5181000000,강원특별자치도 인제군 북면,북면
5181033000,3,5181000000,강원특별자치도 인제군 기린면,기린면
5181034000,3,5181000000,강원특별자치도 인제군 서화면,서화면
5181035000,3,5181000000,강원특별자치도 인제군 상남면,상남면
5182000000,2,5100000000,강원특별자치도 고성군,고성군
5182025000,3,5182000000,강원특별자치도 고성군 간성읍,간성읍
5182025300,3,5182000000,강원특별자치도 고성군 거진읍,거진읍
5182031000,3,5182000000,강원특별자치도 고성군 현내면,현내면
5182032000,3,5182000000,강원특별자치도 고성군 죽왕면,죽왕면
5182033000,3,5182000000,강원특별자치도 고성군 토성면,토성면
5182034000,3,5182000000,강원특별자치도 고성군 수동면,수동면
5183000000,2,5100000000,강원특별자치도 양양군,양양군
5183025000,3,5183000000,강원특별자치도 양양군 양양읍,양양읍
5183031000,3,5183000000,강원특별자치도 양양군 서면,서면
5183032000,3,5183000000,강원특별자치도 양양군 손양면,손양면
5183033000,3,5183000000,강원특별자치도 양양군 현북면,현북면
5183034000,3,5183000000,강원특별자치도 양양군 현남면,현남면
5183035000,3,5183000000,강원특별자치도 양양군 강현면,강현면
5200000000,1,,전북특별자치도,전북특별자치도
5211100000,2,5200000000,전북특별자치도 전주시 완산구,전주시 완산구
5211110100,3,5211100000,전북특별자치도 전주시 완산구 중앙동1가,중앙동1가
5211110200,3,5211100000,전북특별자치도 전주시 완산구 중앙동2가,중앙동2가
5211110300,3,5211100000,전북특별자치도 전주시 완산구 중앙동3가,중앙동3가
5211110400,3,5211100000,전북특별자치도 전주시 완산구 중앙동4가,중앙동4가
5211110500,3,5211100000,전북특별자치도 전주시 완산구 경원동1가,경원동1가
5211110600,3,5211100000,전북특별자치도 전주시 완산구 경원동2가,경원동2가
5211110700,3,5211100000,전북특별자치도 전주시 완산구 경원동3가,경원동3가
5211110800,3,5211100000,전북특별자치도 전주시 완산구 풍남동1가,풍남동1가
5211110900,3,5211100000,전북특별자치도 전주시 완산구 풍남동2가,풍남동2가
5211111000,3,5211100000,전북특별자치도 전주시 완산구 풍남동3가,풍남동3가
5211111100,3,5211100000,전북특별자치도 전주시 완산구 전동,전동
5211111200,3,5211100000,전북특별자치도 전주시 완산구 전동3가,전동3가
5211111300,3,5211100000,전북특별자치도 전주시 완산구 다가동1가,다가동1가
5211111400,3,5211100000,전북특별자치도 전주시 완산구 다가동2가,다가동2가
5211111500,3,5211100000,전북특별자치도 전주시 완산구 다가동3가,다가동3가
5211111600,3,5211100000,전북특별자치도 전주시 완산구 다가동4가,다가동4가
5211111700,3,5211100000,전북특별자치도 전주시 완산구 고사동,고사동
5211111800,3,5211100000,전북특별자치도 전주시 완산구 교동,교동
5211111900,3,5211100000,전북특별자치도 전주시 완산구 태평동,태평동
5211112000,3,5211100000,전북특별자치도 전주시 완산구 중노송동,중노송동
5211112100,3,5211100000,전북특별자치도 전주시 완산구 남노송동,남노송동
5211112200,3,5211100000,전북특별자치도 전주시 완산구 동완산동,동완산동
5211112300,3,5211100000,전북특별자치도 전주시 완산구 서완산동1가,서완산동1가
5211112400,3,5211100000,전북특별자치도 전주시 완산구 서완산동2가,서완산동2가
5211112500,3,5211100000,전북특별자치도 전주시 완산구 동서학동,동서학동
5211112600,3,5211100000,전북특별자치도 전주시 완산구 서서학동,서서학동
5211112700,3,5211100000,전북특별자치도 전주시 완산구 중화산동1가,중화산동1가
5211112800,3,5211100000,전북특별자치도 전주시 완산구 중화산동2가,중화산동2가
5211112900,3,5211100000,전북특별자치도 전주시 완산구 서신동,서신동
5211113000,3,5211100000,전북특별자치도 전주시 완산구 석구동,석구동
5211113100,3,5211100000,전북특별자치도 전주시 완산구 원당동,원당동
5211113200,3,5211100000,전북특별자치도 전주시 완산구 평화동1가,평화동1가
5211113300,3,5211100000,전북특별자치도 전주시 완산구 평화동2가,평화동2가
5211113400,3,5211100000,전북특별자치도 전주시 완산구 평화동3가,평화동3가
5211113500,3,5211100000,전북특별자치도 전주시 완산구 중인동,중인동
5211113600,3,5211100000,전북특별자치도 전주시 완산구 용복동,용복동
5211113700,3,5211100000,전북특별자치도 전주시 완산구 삼천동1가,삼천동1가
5211113800,3,5211100000,전북특별자치도 전주시 완산구 삼천동2가,삼천동2가
5211113900,3,5211100000,전북특별자치도 전주시 완산구 삼천동3가,삼천동3가
5211114000,3,5211100000,전북특별자치도 전주시 완산구 효자동1가,효자동1가
5211114100,3,5211100000,전북특별자치도 전주시 완산구 효자동2가,효자동2가
5211114200,3,5211100000,전북특별자치도 전주시 완산구 효자동3가,효자동3가
5211114300,3,5211100000,전북특별자치도 전주시 완산구 대성동,대성동
5211114400,3,5211100000,전북특별자치도 전주시 완산구 색장동,색장동
5211114500,3,5211100000,전북특별자치도 전주시 완산구 상림동,상림동
5211114700,3,5211100000,전북특별자치도 전주시 완산구 서노송동,서노송동
5211300000,2,5200000000,전북특별자치도 전주시 덕진구,전주시 덕진구
5211310200,3,5211300000,전북특별자치도 전주시 덕진구 진북동,진북동
5211310300,3,5211300000,전북특별자치도 전주시 덕진구 인후동1가,인후동1가
5211310400,3,5211300000,전북특별자치도 전주시 덕진구 인후동2가,인후동2가
5211310500,3,5211300000,전북특별자치도 전주시 덕진구 덕진동1가,덕진동1가
5211310600,3,5211300000,전북특별자치도 전주시 덕진구 덕진동2가,덕진동2가
5211310700,3,5211300000,전북특별자치도 전주시 덕진구 금암동,금암동
5211310800,3,5211300000,전북특별자치도 전주시 덕진구 팔복동1가,팔복동1가
5211310900,3,5211300000,전북특별자치도 전주시 덕진구 팔복동2가,팔복동2가
5211311000,3,5211300000,전북특별자치도 전주시 덕진구 팔복동3가,팔복동3가
5211311100,3,5211300000,전북특별자치도 전주시 덕진구 산정동,산정동
5211311200,3,5211300000,전북특별자치도 전주시 덕진구 금상동,금상동
5211311300,3,5211300000,전북특별자치도 전주시 덕진구 우아동1가,우아동1가
5211311400,3,5211300000,전북특별자치도 전주시 덕진구 우아동2가,우아동2가
5211311500,3,5211300000,전북특별자치도 전주시 덕진구 우아동3가,우아동3가
5211311600,3,5211300000,전북특별자치도 전주시 덕진구 호성동1가,호성동1가
5211311700,3,5211300000,전북특별자치도 전주시 덕진구 호성동2가,호성동2가
5211311800,3,5211300000,전북특별자치도 전주시 덕진구 호성동3가,호성동3가
5211311900,3,5211300000,전북특별자치도 전주시 덕진구 전미동1가,전미동1가
5211312000,3,5211300000,전북특별자치도 전주시 덕진구 전미동2가,전미동2가
5211312100,3,5211300000,전북특별자치도 전주시 덕진구 송천동1가,송천동1가
5211312200,3,5211300000,전북특별자치도 전주시 덕진구 송천동2가,송천동2가
5211312300,3,5211300000,전북특별자치도 전주시 덕진구 반월동,반월동
5211312400,3,5211300000,전북특별자치도 전주시 덕진구 화전동,화전동
5211312500,3,5211300000,전북특별자치도 전주시 덕진구 용정동,용정동
5211312600,3,5211300000,전북특별자치도 전주시 덕진구 성덕동,성덕동
5211312700,3,5211300000,전북특별자치도 전주시 덕진구 원동,원동
5211312900,3,5211300000,전북특별자치도 전주시 덕진구 고랑동,고랑동
5211313000,3,5211300000,전북특별자치도 전주시 덕진구 여의동,여의동
5211313100,3,5211300000,전북특별자치도 전주시 덕진구 만성동,만성동
5211313200,3,5211300000,전북특별자치도 전주시 덕진구 장동,장동
5211313300,3,5211300000,전북특별자치도 전주시 덕진구 팔복동4가,팔복동4가
5211313400,3,5211300000,전북특별자치도 전주시 덕진구 도도동,도도동
5211313500,3,5211300000,전북특별자치도 전주시 덕진구 강흥동,강흥동
5211313600,3,5211300000,전북특별자치도 전주시 덕진구 도덕동,도덕동
5211313700,3,5211300000,전북특별자치도 전주시 덕진구 남정동,남정동
5211313800,3,5211300000,전북특별자치도 전주시 덕진구 중동,중동
5211313900,3,5211300000,전북특별자치도 전주시 덕진구 여의동2가,여의동2가
5213000000,2,5200000000,전북특별자치도 군산시,군산시
5213010100,3,5213000000,전북특별자치도 군산시 해망동,해망동
5213010200,3,5213000000,전북특별자치도 군산시 신흥동,신흥동
5213010300,3,5213000000,전북특별자치도 군산시 금동,금동
5213010400,3,5213000000,전북특별자치도 군산시 월명동,월명동
5213010500,3,5213000000,전북특별자치도 군산시 신창동,신창동
5213010600,3,5213000000,전북특별자치도 군산시 오룡동,오룡동
5213010700,3,5213000000,전북특별자치도 군산시 금광동,금광동
5213010800,3,5213000000,전북특별자치도 군산시 신풍동,신풍동
5213010900,3,5213000000,전북특별자치도 군산시 송풍동,송풍동
5213011000,3,5213000000,전북특별자치도 군산시 문화동,문화동
5213011100,3,5213000000,전북특별자치도 군산시 삼학동,삼학동
5213011200,3,5213000000,전북특별자치도 군산시 선양동,선양동
5213011300,3,5213000000,전북특별자치도 군산시 둔율동,둔율동
5213011400,3,5213000000,전북특별자치도 군산시 창성동,창성동
5213011500,3,5213000000,전북특별자치도 군산시 명산동,명산동
5213011600,3,5213000000,전북특별자치도 군산시 송창동,송창동
5213011700,3,5213000000,전북특별자치도 군산시 개복동,개복동
5213011800,3,5213000000,전북특별자치도 군산시 중앙로1가,중앙로1가
5213011900,3,5213000000,전북특별자치도 군산시 영화동,영화동
5213012000,3,5213000000,전북특별자치도 군산시 장미동,장미동
5213012100,3,5213000000,전북특별자치도 군산시 중앙로2가,중앙로2가
5213012200,3,5213000000,전북특별자치도 군산시 영동,영동
5213012300,3,5213000000,전북특별자치도 군산시 신영동,신영동
5213012400,3,5213000000,전북특별자치도 군산시 죽성동,죽성동
5213012500,3,5213000000,전북특별자치도 군산시 평화동,평화동
5213012600,3,5213000000,전북특별자치도 군산시 중앙로3가,중앙로3가
5213012700,3,5213000000,전북특별자치도 군산시 대명동,대명동
5213012800,3,5213000000,전북특별자치도 군산시 장재동,장재동
5213012900,3,5213000000,전북특별자치도 군산시 미원동,미원동
5213013000,3,5213000000,전북특별자치도 군산시 중동,중동
5213013100,3,5213000000,전북특별자치도 군산시 금암동,금암동
5213013200,3,5213000000,전북특별자치도 군산시 동흥남동,동흥남동
5213013300,3,5213000000,전북특별자치도 군산시 서흥남동,서흥남동
5213013400,3,5213000000,전북특별자치도 군산시 조촌동,조촌동
5213013500,3,5213000000,전북특별자치도 군산시 경장동,경장동
5213013600,3,5213000000,전북특별자치도 군산시 경암동,경암동
5213013700,3,5213000000,전북특별자치도 군산시 구암동,구암동
5213013800,3,5213000000,전북특별자치도 군산시 내흥동,내흥동
5213013900,3,5213000000,전북특별자치도 군산시 개정동,개정동
5213014000,3,5213000000,전북특별자치도 군산시 사정동,사정동
5213014100,3,5213000000,전북특별자치도 군산시 수송동,수송동
5213014200,3,5213000000,전북특별자치도 군산시 미장동,미장동
5213014300,3,5213000000,전북특별자치도 군산시 지곡동,지곡동
5213014400,3,5213000000,전북특별자치도 군산시 나운동,나운동
5213014500,3,5213000000,전북특별자치도 군산시 미룡동,미룡동
5213014600,3,5213000000,전북특별자치도 군산시 소룡동,소룡동
5213014700,3,5213000000,전북특별자치도 군산시 오식도동,오식도동
5213014800,3,5213000000,전북특별자치도 군산시 비응도동,비응도동
5213014900,3,5213000000,전북특별자치도 군산시 신관동,신관동
5213015000,3,5213000000,전북특별자치도 군산시 개사동,개사동
5213015100,3,5213000000,전북특별자치도 군산시 산북동,산북동
5213015200,3,5213000000,전북특별자치도 군산시 내초동,내초동
5213025000,3,5213000000,전북특별자치도 군산시 옥구읍,옥구읍
5213031000,3,5213000000,전북특별자치도 군산시 옥산면,옥산면
5213032000,3,5213000000,전북특별자치도 군산시 회현면,회현면
5213033000,3,5213000000,전북특별자치도 군산시 임피면,임피면
5213034000,3,5213000000,전북특별자치도 군산시 서수면,서수면
5213035000,3,5213000000,전북특별자치도 군산시 대야면,대야면
5213036000,3,5213000000,전북특별자치도 군산시 개정면,개정면
5213037000,3,5213000000,전북특별자치도 군산시 성산면,성산면
5213038000,3,5213000000,전북특별자치도 군산시 나포면,나포면
5213039000,3,5213000000,전북특별자치도 군산시 옥도면,옥도면
5213040000,3,5213000000,전북특별자치도 군산시 옥서면,옥서면
5214000000,2,5200000000,전북특별자치도 익산시,익산시
5214010100,3,5214000000,전북특별자치도 익산시 창인동1가,창인동1가
5214010200,3,5214000000,전북특별자치도 익산시 창인동2가,창인동2가
5214010300,3,5214000000,전북특별자치도 익산시 중앙동1가,중앙동1가
5214010400,3,5214000000,전북특별자치도 익산시 중앙동2가,중앙동2가
5214010500,3,5214000000,전북특별자치도 익산시 중앙동3가,중앙동3가
5214010600,3,5214000000,전북특별자치도 익산시 평화동,평화동
5214010700,3,5214000000,전북특별자치도 익산시 갈산동,갈산동
5214010800,3,5214000000,전북특별자치도 익산시 주현동,주현동
5214010900,3,5214000000,전북특별자치도 익산시 인화동1가,인화동1가
5214011000,3,5214000000,전북특별자치도 익산시 인화동2가,인화동2가
5214011100,3,5214000000,전북특별자치도 익산시 동산동,동산동
5214011200,3,5214000000,전북특별자치도 익산시 마동,마동
5214011300,3,5214000000,전북특별자치도 익산시 남중동,남중동
5214011400,3,5214000000,전북특별자치도 익산시 모현동1가,모현동1가
5214011500,3,5214000000,전북특별자치도 익산시 모현동2가,모현동2가
5214011600,3,5214000000,전북특별자치도 익산시 송학동,송학동
5214011700,3,5214000000,전북특별자치도 익산시 목천동,목천동
5214011800,3,5214000000,전북특별자치도 익산시 만석동,만석동
5214011900,3,5214000000,전북특별자치도 익산시 현영동,현영동
5214012000,3,5214000000,전북특별자치도 익산시 신용동,신용동
5214012100,3,5214000000,전북특별자치도 익산시 신동,신동
5214012200,3,5214000000,전북특별자치도 익산시 영등동,영등동
5214012300,3,5214000000,전북특별자치도 익산시 어양동,어양동
5214012400,3,5214000000,전북특별자치도 익산시 신흥동,신흥동
5214012500,3,5214000000,전북특별자치도 익산시 금강동,금강동
5214012600,3,5214000000,전북특별자치도 익산시 석탄동,석탄동
5214012700,3,5214000000,전북특별자치도 익산시 팔봉동,팔봉동
5214012800,3,5214000000,전북특별자치도 익산시 덕기동,덕기동
5214012900,3,5214000000,전북특별자치도 익산시 석왕동,석왕동
5214013000,3,5214000000,전북특별자치도 익산시 은기동,은기동
5214013100,3,5214000000,전북특별자치도 익산시 정족동,정족동
5214013200,3,5214000000,전북특별자치도 익산시 임상동,임상동
5214013300,3,5214000000,전북특별자치도 익산시 월성동,월성동
5214013400,3,5214000000,전북특별자치도 익산시 부송동,부송동
5214013500,3,5214000000,전북특별자치도 익산시 용제동,용제동
5214013600,3,5214000000,전북특별자치도 익산시 석암동,석암동
5214025000,3,5214000000,전북특별자치도 익산시 함열읍,함열읍
5214031000,3,5214000000,전북특별자치도 익산시 오산면,오산면
5214032000,3,5214000000,전북특별자치도 익산시 황등면,황등면
5214033000,3,5214000000,전북특별자치도 익산시 함라면,함라면
5214034000,3,5214000000,전북특별자치도 익산시 웅포면,웅포면
5214035000,3,5214000000,전북특별자치도 익산시 성당면,성당면
5214036000,3,5214000000,전북특별자치도 익산시 용안면,용안면
5214037000,3,5214000000,전북특별자치도 익산시 낭산면,낭산면
5214038000,3,5214000000,전북특별자치도 익산시 망성면,망성면
5214039000,3,5214000000,전북특별자치도 익산시 여산면,여산면
5214040000,3,5214000000,전북특별자치도 익산시 금마면,금마면
5214041000,3,5214000000,전북특별자치도 익산시 왕궁면,왕궁면
5214042000,3,5214000000,전북특별자치도 익산시 춘포면,춘포면
5214043000,3,5214000000,전북특별자치도 익산시 삼기면,삼기면
5214044000,3,5214000000,전북특별자치도 익산시 용동면,용동면
5218000000,2,5200000000,전북특별자치도 정읍시,정읍시
5218010100,3,5218000000,전북특별자치도 정읍시 수성동,수성동
5218010200,3,5218000000,전북특별자치도 정읍시 장명동,장명동
5218010300,3,5218000000,전북특별자치도 정읍시 상동,상동
5218010400,3,5218000000,전북특별자치도 정읍시 시기동,시기동
5218010500,3,5218000000,전북특별자치도 정읍시 연지동,연지동
5218010600,3,5218000000,전북특별자치도 정읍시 농소동,농소동
5218010700,3,5218000000,전북특별자치도 정읍시 하모동,하모동
5218010800,3,5218000000,전북특별자치도 정읍시 상평동,상평동
5218010900,3,5218000000,전북특별자치도 정읍시 과교동,과교동
5218011000,3,5218000000,전북특별자치도 정읍시 삼산동,삼산동
5218011100,3,5218000000,전북특별자치도 정읍시 진산동,진산동
5218011200,3,5218000000,전북특별자치도 정읍시 금붕동,금붕동
5218011300,3,5218000000,전북특별자치도 정읍시 송산동,송산동
5218011400,3,5218000000,전북특별자치도 정읍시 신월동,신월동
5218011500,3,5218000000,전북특별자치도 정읍시 용산동,용산동
5218011600,3,5218000000,전북특별자치도 정읍시 교암동,교암동
5218011700,3,5218000000,전북특별자치도 정읍시 부전동,부전동
5218011800,3,5218000000,전북특별자치도 정읍시 쌍암동,쌍암동
5218011900,3,5218000000,전북특별자치도 정읍시 내장동,내장동
5218012000,3,5218000000,전북특별자치도 정읍시 영파동,영파동
5218012100,3,5218000000,전북특별자치도 정읍시 하북동,하북동
5218012200,3,5218000000,전북특별자치도 정읍시 구룡동,구룡동
5218012300,3,5218000000,전북특별자치도 정읍시 흑암동,흑암동
5218012400,3,5218000000,전북특별자치도 정읍시 용계동,용계동
5218012500,3,5218000000,전북특별자치도 정읍시 공평동,공평동
5218012600,3,5218000000,전북특별자치도 정읍시 망제동,망제동
5218012700,3,5218000000,전북특별자치도 정읍시 신정동,신정동
5218025000,3,5218000000,전북특별자치도 정읍시 신태인읍,신태인읍
5218031000,3,5218000000,전북특별자치도 정읍시 북면,북면
5218032000,3,5218000000,전북특별자치도 정읍시 입암면,입암면
5218033000,3,5218000000,전북특별자치도 정읍시 소성면,소성면
5218034000,3,5218000000,전북특별자치도 정읍시 고부면,고부면
5218035000,3,5218000000,전북특별자치도 정읍시 영원면,영원면
5218036000,3,5218000000,전북특별자치도 정읍시 덕천면,덕천면
5218037000,3,5218000000,전북특별자치도 정읍시 이평면,이평면
5218038000,3,5218000000,전북특별자치도 정읍시 정우면,정우면
5218039000,3,5218000000,전북특별자치도 정읍시 태인면,태인면
5218040000,3,5218000000,전북특별자치도 정읍시 감곡면,감곡면
5218041000,3,5218000000,전북특별자치도 정읍시 옹동면,옹동면
5218042000,3,5218000000,전북특별자치도 정읍시 칠보면,칠보면
5218043000,3,5218000000,전북특별자치도 정읍시 산내면,산내면
5218044000,3,5218000000,전북특별자치도 정읍시 산외면,산외면
5219000000,2,5200000000,전북특별자치도 남원시,남원시
5219010100,3,5219000000,전북특별자치도 남원시 동충동,동충동
5219010200,3,5219000000,전북특별자치도 남원시 하정동,하정동
5219010300,3,5219000000,전북특별자치도 남원시 죽항동,죽항동
5219010400,3,5219000000,전북특별자치도 남원시 쌍교동,쌍교동
5219010500,3,5219000000,전북특별자치도 남원시 천거동,천거동
5219010600,3,5219000000,전북특별자치도 남원시 금동,금동
5219010700,3,5219000000,전북특별자치도 남원시 조산동,조산동
5219010800,3,5219000000,전북특별자치도 남원시 왕정동,왕정동
5219010900,3,5219000000,전북특별자치도 남원시 신정동,신정동
5219011000,3,5219000000,전북특별자치도 남원시 화정동,화정동
5219011100,3,5219000000,전북특별자치도 남원시 향교동,향교동
5219011200,3,5219000000,전북특별자치도 남원시 용정동,용정동
5219011300,3,5219000000,전북특별자치도 남원시 광치동,광치동
5219011400,3,5219000000,전북특별자치도 남원시 내척동,내척동
5219011500,3,5219000000,전북특별자치도 남원시 산곡동,산곡동
5219011600,3,5219000000,전북특별자치도 남원시 도통동,도통동
5219011700,3,5219000000,전북특별자치도 남원시 월락동,월락동
5219011800,3,5219000000,전북특별자치도 남원시 고죽동,고죽동
5219011900,3,5219000000,전북특별자치도 남원시 식정동,식정동
5219012000,3,5219000000,전북특별자치도 남원시 갈치동,갈치동
5219012100,3,5219000000,전북특별자치도 남원시 노암동,노암동
5219012200,3,5219000000,전북특별자치도 남원시 어현동,어현동
5219012300,3,5219000000,전북특별자치도 남원시 신촌동,신촌동
5219025000,3,5219000000,전북특별자치도 남원시 운봉읍,운봉읍
5219031000,3,5219000000,전북특별자치도 남원시 주천면,주천면
5219032000,3,5219000000,전북특별자치도 남원시 수지면,수지면
5219033000,3,5219000000,전북특별자치도 남원시 송동면,송동면
5219034000,3,5219000000,전북특별자치도 남원시 주생면,주생면
5219035000,3,5219000000,전북특별자치도 남원시 금지면,금지면
5219036000,3,5219000000,전북특별자치도 남원시 대강면,대강면
5219037000,3,5219000000,전북특별자치도 남원시 대산면,대산면
5219038000,3,5219000000,전북특별자치도 남원시 사매면,사매면
5219039000,3,5219000000,전북특별자치도 남원시 덕과면,덕과면
5219040000,3,5219000000,전북특별자치도 남원시 보절면,보절면
5219041000,3,5219000000,전북특별자치도 남원시 산동면,산동면
5219042000,3,5219000000,전북특별자치도 남원시 이백면,이백면
5219045000,3,5219000000,전북특별자치도 남원시 아영면,아영면
5219046000,3,5219000000,전북특별자치도 남원시 산내면,산내면
5219047000,3,5219000000,전북특별자치도 남원시 인월면,인월면
5221000000,2,5200000000,전북특별자치도 김제시,김제시
5221010100,3,5221000000,전북특별자치도 김제시 요촌동,요촌동
5221010200,3,5221000000,전북특별자치도 김제시 신풍동,신풍동
5221010300,3,5221000000,전북특별자치도 김제시 용동,용동
5221010400,3,5221000000,전북특별자치도 김제시 검산동,검산동
5221010500,3,5221000000,전북특별자치도 김제시 순동,순동
5221010600,3,5221000000,전북특별자치도 김제시 백학동,백학동
5221010700,3,5221000000,전북특별자치도 김제시 서암동,서암동
5221010800,3,5221000000,전북특별자치도 김제시 신곡동,신곡동
5221010900,3,5221000000,전북특별자치도 김제시 교동,교동
5221011000,3,5221000000,전북특별자치도 김제시 옥산동,옥산동
5221011100,3,5221000000,전북특별자치도 김제시 갈공동,갈공동
5221011200,3,5221000000,전북특별자치도 김제시 하동,하동
5221011300,3,5221000000,전북특별자치도 김제시 흥사동,흥사동
5221011400,3,5221000000,전북특별자치도 김제시 상동동,상동동
5221011500,3,5221000000,전북특별자치도 김제시 월성동,월성동
5221011600,3,5221000000,전북특별자치도 김제시 황산동,황산동
5221011700,3,5221000000,전북특별자치도 김제시 난봉동,난봉동
5221011800,3,5221000000,전북특별자치도 김제시 오정동,오정동
5221011900,3,5221000000,전북특별자치도 김제시 복죽동,복죽동
5221012000,3,5221000000,전북특별자치도 김제시 입석동,입석동
5221012100,3,5221000000,전북특별자치도 김제시 장화동,장화동
5221012200,3,5221000000,전북특별자치도 김제시 신덕동,신덕동
5221012300,3,5221000000,전북특별자치도 김제시 월봉동,월봉동
5221012400,3,5221000000,전북특별자치도 김제시 신월동,신월동
5221012500,3,5221000000,전북특별자치도 김제시 연정동,연정동
5221012600,3,5221000000,전북특별자치도 김제시 명덕동,명덕동
5221012700,3,5221000000,전북특별자치도 김제시 제월동,제월동
5221012800,3,5221000000,전북특별자치도 김제시 도장동,도장동
5221012900,3,5221000000,전북특별자치도 김제시 서정동,서정동
5221013000,3,5221000000,전북특별자치도 김제시 양전동,양전동
5221025000,3,5221000000,전북특별자치도 김제시 만경읍,만경읍
5221032000,3,5221000000,전북특별자치도 김제시 죽산면,죽산면
5221033000,3,5221000000,전북특별자치도 김제시 백산면,백산면
5221034000,3,5221000000,전북특별자치도 김제시 용지면,용지면
5221035000,3,5221000000,전북특별자치도 김제시 백구면,백구면
5221036000,3,5221000000,전북특별자치도 김제시 부량면,부량면
5221038000,3,5221000000,전북특별자치도 김제시 공덕면,공덕면
5221039000,3,5221000000,전북특별자치도 김제시 청하면,청하면
5221040000,3,5221000000,전북특별자치도 김제시 성덕면,성덕면
5221041000,3,5221000000,전북특별자치도 김제시 진봉면,진봉면
5221042000,3,5221000000,전북특별자치도 김제시 금구면,금구면
5221043000,3,5221000000,전북특별자치도 김제시 봉남면,봉남면
5221044000,3,5221000000,전북특별자치도 김제시 황산면,황산면
5221045000,3,5221000000,전북특별자치도 김제시 금산면,금산면
5221046000,3,5221000000,전북특별자치도 김제시 광활면,광활면
5271000000,2,5200000000,전북특별자치도 완주군,완주군
5271025000,3,5271000000,전북특별자치도 완주군 삼례읍,삼례읍
5271025300,3,5271000000,전북특별자치도 완주군 봉동읍,봉동읍
5271025600,3,5271000000,전북특별자치도 완주군 용진읍,용진읍
5271032000,3,5271000000,전북특별자치도 완주군 상관면,상관면
5271033000,3,5271000000,전북특별자치도 완주군 이서면,이서면
5271034000,3,5271000000,전북특별자치도 완주군 소양면,소양면
5271035000,3,5271000000,전북특별자치도 완주군 구이면,구이면
5271036000,3,5271000000,전북특별자치도 완주군 고산면,고산면
5271037000,3,5271000000,전북특별자치도 완주군 비봉면,비봉면
5271038000,3,5271000000,전북특별자치도 완주군 운주면,운주면
5271039000,3,5271000000,전북특별자치도 완주군 화산면,화산면
5271040000,3,5271000000,전북특별자치도 완주군 동상면,동상면
5271041000,3,5271000000,전북특별자치도 완주군 경천면,경천면
5272000000,2,5200000000,전북특별자치도 진안군,진안군
5272025000,3,5272000000,전북특별자치도 진안군 진안읍,진안읍
5272031000,3,5272000000,전북특별자치도 진안군 용담면,용담면
5272032000,3,5272000000,전북특별자치도 진안군 안천면,안천면
5272033000,3,5272000000,전북특별자치도 진안군 동향면,동향면
5272034000,3,5272000000,전북특별자치도 진안군 상전면,상전면
5272035000,3,5272000000,전북특별자치도 진안군 백운면,백운면
5272036000,3,5272000000,전북특별자치도 진안군 성수면,성수면
5272037000,3,5272000000,전북특별자치도 진안군 마령면,마령면
5272038000,3,5272000000,전북특별자치도 진안군 부귀면,부귀면
5272039000,3,5272000000,전북특별자치도 진안군 정천면,정천면
5272040000,3,5272000000,전북특별자치도 진안군 주천면,주천면
5273000000,2,5200000000,전북특별자치도 무주군,무주군
5273025000,3,5273000000,전북특별자치도 무주군 무주읍,무주읍
5273031000,3,5273000000,전북특별자치도 무주군 무풍면,무풍면
5273032000,3,5273000000,전북특별자치도 무주군 설천면,설천면
5273033000,3,5273000000,전북특별자치도 무주군 적상면,적상면
5273034000,3,5273000000,전북특별자치도 무주군 안성면,안성면
5273035000,3,5273000000,전북특별자치도 무주군 부남면,부남면
5274000000,2,5200000000,전북특별자치도 장수군,장수군
5274025000,3,5274000000,전북특별자치도 장수군 장수읍,장수읍
5274031000,3,5274000000,전북특별자치도 장수군 산서면,산서면
5274032000,3,5274000000,전북특별자치도 장수군 번암면,번암면
5274033500,3,5274000000,전북특별자치도 장수군 장계면,장계면
5274034000,3,5274000000,전북특별자치도 장수군 천천면,천천면
5274035000,3,5274000000,전북특별자치도 장수군 계남면,계남면
5274036000,3,5274000000,전북특별자치도 장수군 계북면,계북면
5275000000,2,5200000000,전북특별자치도 임실군,임실군
5275025000,3,5275000000,전북특별자치도 임실군 임실읍,임실읍
5275031000,3,5275000000,전북특별자치도 임실군 청웅면,청웅면
5275032000,3,5275000000,전북특별자치도 임실군 운암면,운암면
5275033000,3,5275000000,전북특별자치도 임실군 신평면,신평면
5275034000,3,5275000000,전북특별자치도 임실군 성수면,성수면
5275035500,3,5275000000,전북특별자치도 임실군 오수면,오수면
5275036000,3,5275000000,전북특별자치도 임실군 신덕면,신덕면
5275037000,3,5275000000,전북특별자치도 임실군 삼계면,삼계면
5275038000,3,5275000000,전북특별자치도 임실군 관촌면,관촌면
5275039000,3,5275000000,전북특별자치도 임실군 강진면,강진면
5275040000,3,5275000000,전북특별자치도 임실군 덕치면,덕치면
5275041000,3,5275000000,전북특별자치도 임실군 지사면,지사면
5277000000,2,5200000000,전북특별자치도 순창군,순창군
5277025000,3,5277000000,전북특별자치도 순창군 순창읍,순창읍
5277031000,3,5277000000,전북특별자치도 순창군 인계면,인계면
5277032000,3,5277000000,전북특별자치도 순창군 동계면,동계면
5277033000,3,5277000000,전북특별자치도 순창군 풍산면,풍산면
5277034000,3,5277000000,전북특별자치도 순창군 금과면,금과면
5277035000,3,5277000000,전북특별자치도 순창군 팔덕면,팔덕면
5277036000,3,5277000000,전북특별자치도 순창군 쌍치면,쌍치면
5277037000,3,5277000000,전북특별자치도 순창군 복흥면,복흥면
5277038000,3,5277000000,전북특별자치도 순창군 적성면,적성면
5277039000,3,5277000000,전북특별자치도 순창군 유등면,유등면
5277040000,3,5277000000,전북특별자치도 순창군 구림면,구림면
5279000000,2,5200000000,전북특별자치도 고창군,고창군
5279025000,3,5279000000,전북특별자치도 고창군 고창읍,고창읍
5279031000,3,5279000000,전북특별자치도 고창군 고수면,고수면
5279032000,3,5279000000,전북특별자치도 고창군 아산면,아산면
5279033000,3,5279000000,전북특별자치도 고창군 무장면,무장면
5279034000,3,5279000000,전북특별자치도 고창군 공음면,공음면
5279035000,3,5279000000,전북특별자치도 고창군 상하면,상하면
5279036000,3,5279000000,전북특별자치도 고창군 해리면,해리면
5279037000,3,5279000000,전북특별자치도 고창군 성송면,성송면
5279038000,3,5279000000,전북특별자치도 고창군 대산면,대산면
5279039000,3,5279000000,전북특별자치도 고창군 심원면,심원면
5279040000,3,5279000000,전북특별자치도 고창군 흥덕면,흥덕면
5279041000,3,5279000000,전북특별자치도 고창군 성내면,성내면
5279042000,3,5279000000,전북특별자치도 고창군 신림면,신림면
5279043000,3,5279000000,전북특별자치도 고창군 부안면,부안면
5280000000,2,5200000000,전북특별자치도 부안군,부안군
5280025000,3,5280000000,전북특별자치도 부안군 부안읍,부안읍
5280031000,3,5280000000,전북특별자치도 부안군 주산면,주산면
5280032000,3,5280000000,전북특별자치도 부안군 동진면,동진면
5280033000,3,5280000000,전북특별자치도 부안군 행안면,행안면
5280034000,3,5280000000,전북특별자치도 부안군 계화면,계화면
5280035000,3,5280000000,전북특별자치도 부안군 보안면,보안면
5280036000,3,5280000000,전북특별자치도 부안군 변산면,변산면
5280037000,3,5280000000,전북특별자치도 부안군 진서면,진서면
5280038000,3,5280000000,전북특별자치도 부안군 백산면,백산면
5280039000,3,5280000000,전북특별자치도 부안군 상서면,상서면
5280040000,3,5280000000,전북특별자치도 부안군 하서면,하서면
5280041000,3,5280000000,전북특별자치도 부안군 줄포면,줄포면
5280042000,3,5280000000,전북특별자치도 부안군 위도면,위도면
